hour_of_day,cloud_cover,solar_kw
0,0.0,0.0
1,0.0,0.0
2,0.0,0.0
3,0.41486811092880305,0.0
4,0.0,0.0
5,0.0,0.0
6,0.0,0.0
7,0.0,26.399542600457117
8,0.0,51.0
9,0.0,72.12489168102785
10,0.0,88.33459118601274
11,0.0,98.52443428148497
12,0.2151691025729103,80.05275153756315
13,0.0,98.52443428148497
14,0.5519720573699511,39.57636515213574
15,0.0,72.12489168102785
16,0.0,51.0
17,0.2439807268415399,19.95856300851342
18,0.0,1.2491397351303004e-14
19,0.0,0.0
20,0.35206429206802514,0.0
21,0.0,0.0
22,0.0,0.0
23,0.0,0.0
0,0.0,0.0
1,0.0,0.0
2,0.0,0.0
3,0.3729883333868831,0.0
4,0.0,0.0
5,0.0,0.0
6,0.0,0.0
7,0.2616367354186408,19.49317446222129
8,0.0,51.00188905008376
9,0.0,72.12756320127632
10,0.0,88.33786311673587
11,0.4455913305346155,54.62482375915912
12,0.0,102.00377810016754
13,0.0,98.52808364601111
14,0.41953922926266674,51.27666411002956
15,0.0,72.12756320127632
16,0.0,51.00188905008376
17,0.0,26.400520444734813
18,0.0,1.2491860035130706e-14
19,0.0,0.0
20,0.0,0.0
21,0.0,0.0
22,0.0,0.0
23,0.0,0.0
0,0.0,0.0
1,0.0,0.0
2,0.0,0.0
3,0.45102570476472803,0.0
4,0.0,0.0
5,0.0,0.0
6,0.0,0.0
7,0.0,26.403453687811407
8,0.0,51.00755564056876
9,0.0,72.1355769703926
10,0.0,88.34767793936156
11,0.0,98.53903065820401
12,0.0,102.01511128113754
13,0.5770293811201574,41.67911478132034
14,0.0,88.34767793936157
15,0.0,72.1355769703926
16,0.0,51.00755564056876
17,0.0,26.40345368781144
18,0.0,1.2493247949510611e-14
19,0.0,0.0
20,0.5372105608686062,0.0
21,0.0,0.0
22,0.0,0.0
23,0.0,0.0
0,0.5237138666986496,0.0
1,0.0,0.0
2,0.0,0.0
3,0.0,0.0
4,0.5155464933777304,0.0
5,0.0,0.0
6,0.0,0.0
7,0.2067540764302731,20.948309211782025
8,0.0,51.01699809232193
9,0.5709971269511231,30.952098520691663
10,0.0,88.36403274554607
11,0.0,98.55727207422778
12,0.0,102.03399618464387
13,0.0,98.55727207422778
14,0.0,88.36403274554608
15,0.0,72.148930613724
16,0.0,51.01699809232193
17,0.0,26.408341460503802
18,0.0,1.2495560683173734e-14
19,0.0,0.0
20,0.0,0.0
21,0.0,0.0
22,0.0,0.0
23,0.0,0.0
0,0.0,0.0
1,0.0,0.0
2,0.0,0.0
3,0.0,0.0
4,0.0,0.0
5,0.0,0.0
6,0.0,0.0
7,0.0,26.41518231445933
8,0.0,51.030213607341025
9,0.0,72.16762017429775
10,0.0,88.38692268900733
11,0.0,98.58280248875708
12,0.40591707295042767,60.632357335628136
13,0.0,98.58280248875708
14,0.0,88.38692268900735
15,0.0,72.16762017429775
16,0.2784698444580666,36.81983796144285
17,0.0,26.41518231445936
18,0.0,1.249879755080718e-14
19,0.0,0.0
20,0.5072842762365611,0.0
21,0.0,0.0
22,0.32921094280359064,0.0
23,0.0,0.0
0,0.0,0.0
1,0.0,0.0
2,0.39551207947941425,0.0
3,0.0,0.0
4,0.0,0.0
5,0.0,0.0
6,0.2743636429071644,0.0
7,0.0,26.423974222585432
8,0.0,51.04719826958374
9,0.0,72.19164011399373
10,0.0,88.41634098696112
11,0.0,98.61561433657918
12,0.0,102.09439653916749
13,0.0,98.61561433657918
14,0.0,88.41634098696113
15,0.0,72.19164011399373
16,0.23276160357708364,39.1653705422381
17,0.0,26.423974222585464
18,0.0,1.250295759325721e-14
19,0.5327893202697258,0.0
20,0.0,0.0
21,0.5721976412867873,0.0
22,0.0,0.0
23,0.3419507531941221,0.0
0,0.0,0.0
1,0.5924761461004153,0.0
2,0.0,0.0
3,0.0,0.0
4,0.0,0.0
5,0.0,0.0
6,0.0,0.0
7,0.0,26.43471457964994
8,0.0,51.0679470461281
9,0.0,72.22098331518539
10,0.0,88.45227892213084
11,0.0,98.65569789483534
12,0.0,102.13589409225621
13,0.5082970615218614,48.50929655250205
14,0.0,88.45227892213086
15,0.0,72.22098331518539
16,0.0,51.0679470461281
17,0.0,26.434714579649974
18,0.0,1.2508039577813465e-14
19,0.0,0.0
20,0.0,0.0
21,0.0,0.0
22,0.0,0.0
23,0.33571226548540933,0.0
0,0.0,0.0
1,0.34117041505621976,0.0
2,0.0,0.0
3,0.0,0.0
4,0.0,0.0
5,0.0,0.0
6,0.0,0.0
7,0.0,26.44740020305327
8,0.48643587358540213,26.239251396353332
9,0.45453180246441005,39.41315430324016
10,0.0,88.49472584533069
11,0.0,98.70304128590227
12,0.0,102.18490757732762
13,0.2272701205288739,76.27078919628886
14,0.0,88.4947258453307
15,0.0,72.25564108284898
16,0.0,51.0924537886638
17,0.0,26.447400203053302
18,0.0,1.2514041998574241e-14
19,0.3364066713806846,0.0
20,0.2669358469001936,0.0
21,0.0,0.0
22,0.0,0.0
23,0.0,0.0
0,0.0,0.0
1,0.0,0.0
2,0.0,0.0
3,0.0,0.0
4,0.5230247460787475,0.0
5,0.0,0.0
6,0.0,0.0
7,0.0,26.462027333771424
8,0.0,51.120711235314154
9,0.0,72.29560314713994
10,0.0,88.54366917862126
11,0.0,98.75763048091136
12,0.0,102.24142247062832
13,0.22884808372874957,76.15713599176287
14,0.0,88.54366917862126
15,0.0,72.29560314713994
16,0.0,51.120711235314154
17,0.0,26.46202733377146
18,0.0,1.2520963076892724e-14
19,0.0,0.0
20,0.22888846163447052,0.0
21,0.0,0.0
22,0.0,0.0
23,0.0,0.0
0,0.0,0.0
1,0.0,0.0
2,0.0,0.0
3,0.0,0.0
4,0.0,0.0
5,0.3266374848532587,0.0
6,0.0,0.0
7,0.0,26.4785916374699
8,0.0,51.152711012787854
9,0.0,72.34085766643616
10,0.0,88.5990944190366
11,0.0,98.81944930390608
12,0.0,102.30542202557571
13,0.0,98.81944930390608
14,0.0,88.5990944190366
15,0.0,72.34085766643616
16,0.0,51.152711012787854
17,0.0,26.47859163746993
18,0.0,1.2528800761904041e-14
19,0.0,0.0
20,0.5402259526979718,0.0
21,0.0,0.0
22,0.0,0.0
23,0.0,0.0
0,0.0,0.0
1,0.0,0.0
2,0.0,0.0
3,0.0,0.0
4,0.5964928967019598,0.0
5,0.0,0.0
6,0.5201105573396315,0.0
7,0.0,26.49708820578801
8,0.0,51.188443638860214
9,0.0,72.3913912308469
10,0.0,88.66098514288181
11,0.5928986135479368,40.25763708279042
12,0.0,102.37688727772046
13,0.20035951418769074,79.07523173795131
14,0.0,88.66098514288183
15,0.0,72.3913912308469
16,0.3977523070702653,30.828122086167323
17,0.0,26.49708820578804
18,0.0,1.2537552731132976e-14
19,0.0,0.0
20,0.5949519141656346,0.0
21,0.34507137539170174,0.0
22,0.0,0.0
23,0.0,0.0
0,0.0,0.0
1,0.0,0.0
2,0.0,0.0
3,0.0,0.0
4,0.3385586281021753,0.0
5,0.5980639021339523,0.0
6,0.0,0.0
7,0.0,26.517511557793387
8,0.0,51.22789852518299
9,0.0,72.44718886618648
10,0.0,88.7293230105997
11,0.22392126209010987,76.80439980267265
12,0.0,102.45579705036599
13,0.0,98.96470042397985
14,0.0,88.7293230105997
15,0.0,72.44718886618648
16,0.0,51.22789852518299
17,0.0,26.51751155779342
18,0.3603628960089279,8.025665155605063e-15
19,0.0,0.0
20,0.0,0.0
21,0.0,0.0
22,0.0,0.0
23,0.0,0.0
0,0.0,0.0
1,0.0,0.0
2,0.0,0.0
3,0.0,0.0
4,0.0,0.0
5,0.0,0.0
6,0.0,0.0
7,0.0,26.53985564160605
8,0.0,51.271063980421815
9,0.0,72.50823403841125
10,0.0,88.8040877722052
11,0.0,99.04808968001728
12,0.0,102.54212796084366
13,0.0,99.04808968001728
14,0.0,88.80408777220521
15,0.0,72.50823403841125
16,0.0,51.271063980421815
17,0.27422773951103896,19.26189102205915
18,0.0,1.255778887850055e-14
19,0.0,0.0
20,0.37834631677136243,0.0
21,0.0,0.0
22,0.49050149586678166,0.0
23,0.0,0.0
0,0.2612825247592773,0.0
1,0.0,0.0
2,0.0,0.0
3,0.0,0.0
4,0.0,0.0
5,0.0,0.0
6,0.0,0.0
7,0.0,26.564113836191744
8,0.0,51.31792721372076
9,0.20128606642374056,57.966271288010205
10,0.0,88.8852572732859
11,0.0,99.13862249471099
12,0.0,102.63585442744153
13,0.0,99.13862249471099
14,0.0,88.88525727328592
15,0.0,72.57450865851924
16,0.0,51.31792721372076
17,0.0,26.56411383619177
18,0.0,1.2569267060231997e-14
19,0.0,0.0
20,0.34696829263548107,0.0
21,0.5675191934612459,0.0
22,0.0,0.0
23,0.0,0.0
0,0.0,0.0
1,0.21036806602204527,0.0
2,0.0,0.0
3,0.0,0.0
4,0.0,0.0
5,0.0,0.0
6,0.0,0.0
7,0.0,26.59027895332388
8,0.0,51.36847433849237
9,0.0,72.64599308791023
10,0.0,88.97280746156687
11,0.0,99.2362720412341
12,0.4435097909510449,57.17210604630702
13,0.41219143819378984,58.331930347567635
14,0.0,88.97280746156687
15,0.0,72.64599308791023
16,0.0,51.36847433849237
17,0.0,26.59027895332391
18,0.0,1.2581647535143531e-14
19,0.0,0.0
20,0.0,0.0
21,0.0,0.0
22,0.47145191548721577,0.0
23,0.0,0.0
0,0.3109258588135235,0.0
1,0.0,0.0
2,0.0,0.0
3,0.0,0.0
4,0.35226985204649186,0.0
5,0.0,0.0
6,0.0,0.0
7,0.0,26.618343239713557
8,0.0,51.4226903765327
9,0.0,72.722666144205
10,0.32100557438032723,60.47580122382229
11,0.0,99.34100938391855
12,0.27475560080557526,74.58803637417878
13,0.0,99.34100938391855
14,0.5968290198813225,35.909113731852585
15,0.5182492348646276,35.034200057655
16,0.0,51.4226903765327
17,0.0,26.618343239713585
18,0.0,1.2594926634633237e-14
19,0.0,0.0
20,0.0,0.0
21,0.0,0.0
22,0.3094387449260141,0.0
23,0.0,0.0
0,0.0,0.0
1,0.0,0.0
2,0.0,0.0
3,0.0,0.0
4,0.0,0.0
5,0.0,0.0
6,0.0,0.0
7,0.5124770367190308,12.991657392275222
8,0.0,51.4805592624596
9,0.4969228346711598,36.62628405266135
10,0.0,89.1669442446406
11,0.0,99.4528034868293
12,0.0,102.96111852491921
13,0.0,99.4528034868293
14,0.0,89.1669442446406
15,0.0,72.80450510752223
16,0.0,51.4805592624596
17,0.0,26.64829837930708
18,0.0,1.2609100423817355e-14
19,0.0,0.0
20,0.0,0.0
21,0.0,0.0
22,0.0,0.0
23,0.0,0.0
0,0.0,0.0
1,0.0,0.0
2,0.0,0.0
3,0.0,0.0
4,0.0,0.0
5,0.0,0.0
6,0.4801262815301282,0.0
7,0.0,26.680135495750005
8,0.0,51.54206384847324
9,0.0,72.89148572721088
10,0.0,89.27347331251471
11,0.0,99.57162122296086
12,0.5822522716729741,43.06316017197245
13,0.0,99.57162122296086
14,0.0,89.27347331251471
15,0.3177415573984561,49.73083153115955
16,0.2234876204456803,40.023050646118634
17,0.0,26.680135495750033
18,0.0,1.2624164702696253e-14
19,0.0,0.0
20,0.4423895109914122,0.0
21,0.0,0.0
22,0.0,0.0
23,0.0,0.0
0,0.0,0.0
1,0.0,0.0
2,0.0,0.0
3,0.0,0.0
4,0.4601950933876146,0.0
5,0.0,0.0
6,0.0,0.0
7,0.0,26.71384515501772
8,0.0,51.607185909437426
9,0.0,72.98358222903609
10,0.48327425873267804,46.18818560733376
11,0.5007815164497245,49.770798512531066
12,0.0,103.21437181887487
13,0.0,99.69742738405384
14,0.475754888457267,46.86031405419449
15,0.0,72.98358222903609
16,0.0,51.607185909437426
17,0.0,26.71384515501775
18,0.0,1.2640115007398987e-14
19,0.0,0.0
20,0.0,0.0
21,0.0,0.0
22,0.0,0.0
23,0.0,0.0
0,0.0,0.0
1,0.0,0.0
2,0.0,0.0
3,0.0,0.0
4,0.0,0.0
5,0.0,0.0
6,0.0,0.0
7,0.0,26.749417368210644
8,0.0,51.675906148280035
9,0.0,73.08076732281684
10,0.0,89.50529497598194
11,0.0,99.8301846910275
12,0.0,103.35181229656008
13,0.0,99.8301846910275
14,0.0,89.50529497598195
15,0.0,73.08076732281684
16,0.0,51.675906148280035
17,0.0,26.749417368210672
18,0.0,1.2656946611506037e-14
19,0.0,0.0
20,0.0,0.0
21,0.0,0.0
22,0.0,0.0
23,0.5181345059411497,0.0
0,0.0,0.0
1,0.0,0.0
2,0.0,0.0
3,0.0,0.0
4,0.0,0.0
5,0.0,0.0
6,0.0,0.0
7,0.0,26.786841594514293
8,0.0,51.74820420171119
9,0.0,73.18301221051237
10,0.0,89.63051887781305
11,0.29831676706068144,70.14717021438214
12,0.5869711996970406,42.74699739853069
13,0.0,99.96985380502664
14,0.38946468383602395,54.72259718100682
15,0.0,73.18301221051237
16,0.0,51.74820420171119
17,0.0,26.78684159451432
18,0.0,1.2674654527449849e-14
19,0.27015587869642166,0.0
20,0.0,0.0
21,0.0,0.0
22,0.0,0.0
23,0.0,0.0
0,0.0,0.0
1,0.26097886827757744,0.0
2,0.0,0.0
3,0.0,0.0
4,0.0,0.0
5,0.0,0.0
6,0.0,0.0
7,0.0,26.826106744322725
8,0.0,51.82405864625735
9,0.0,73.29028659475581
10,0.0,89.7619026297469
11,0.0,100.11639333907856
12,0.0,103.64811729251471
13,0.0,100.11639333907856
14,0.0,89.76190262974691
15,0.0,73.29028659475581
16,0.0,51.82405864625735
17,0.0,26.826106744322754
18,0.0,1.2693233507992758e-14
19,0.0,0.0
20,0.0,0.0
21,0.0,0.0
22,0.0,0.0
23,0.0,0.0
0,0.0,0.0
1,0.24491714689287775,0.0
2,0.0,0.0
3,0.0,0.0
4,0.0,0.0
5,0.0,0.0
6,0.0,0.0
7,0.0,26.86720118252466
8,0.0,51.90344700460952
9,0.25657828459796567,54.56905609460656
10,0.0,89.89940729994234
11,0.0,100.26975987035665
12,0.0,103.80689400921905
13,0.22881569136855467,77.32646544226205
14,0.0,89.89940729994235
15,0.0,73.40255868783198
16,0.0,51.90344700460952
17,0.0,26.867201182524685
18,0.0,1.2712678047781869e-14
19,0.0,0.0
20,0.0,0.0
21,0.2671339762812212,0.0
22,0.0,0.0
23,0.0,0.0
0,0.0,0.0
1,0.0,0.0
2,0.0,0.0
3,0.0,0.0
4,0.4040843775735492,0.0
5,0.0,0.0
6,0.0,0.0
7,0.0,26.91011273195115
8,0.0,51.986345752283775
9,0.0,73.51979522109666
10,0.0,90.042992142798
11,0.0,100.42990795304783
12,0.0,103.97269150456756
13,0.0,100.42990795304783
14,0.0,90.042992142798
15,0.0,73.51979522109666
16,0.0,51.986345752283775
17,0.0,26.910112731951177
18,0.0,1.2732982384980386e-14
19,0.2956499054113898,0.0
20,0.21908852195809847,0.0
21,0.0,0.0
22,0.0,0.0
23,0.0,0.0
0,0.0,0.0
1,0.0,0.0
2,0.0,0.0
3,0.0,0.0
4,0.0,0.0
5,0.0,0.0
6,0.0,0.0
7,0.0,26.954828676983997
8,0.0,52.07273032459209
9,0.0,73.64196145483487
10,0.0,90.19261461102609
11,0.0,100.59679013181888
12,0.0,104.14546064918417
13,0.0,100.59679013181888
14,0.2275825286538233,69.666351311949
15,0.21749267050884413,57.62537459651347
16,0.0,52.07273032459209
17,0.0,26.95482867698403
18,0.0,1.2754140502975004e-14
19,0.0,0.0
20,0.0,0.0
21,0.0,0.0
22,0.0,0.0
23,0.0,0.0
0,0.0,0.0
1,0.32211141207816585,0.0
2,0.5066112643268736,0.0
3,0.0,0.0
4,0.0,0.0
5,0.20083149148787072,0.0
6,0.0,0.0
7,0.0,27.00133576732365
8,0.5205260083045979,25.010598111777842
9,0.0,73.76902118855499
10,0.39612443344398074,54.55908880096686
11,0.0,100.77035695587864
12,0.0,104.32515024784269
13,0.0,100.77035695587864
14,0.0,90.34823036826019
15,0.0,73.76902118855499
16,0.28470707350568103,37.31152101386945
17,0.0,27.001335767323678
18,0.5480878707818966,5.773695401785485e-15
19,0.0,0.0
20,0.0,0.0
21,0.0,0.0
22,0.0,0.0
23,0.441318667440884,0.0
0,0.0,0.0
1,0.31150613416385553,0.0
2,0.0,0.0
3,0.0,0.0
4,0.0,0.0
5,0.21069303395745004,0.0
6,0.0,0.0
7,0.2937033060747241,19.105057334673223
8,0.0,52.25585352731847
9,0.0,73.90093677171573
10,0.0,90.50979330219292
11,0.0,100.95055699363125
12,0.0,104.51170705463696
13,0.0,100.95055699363125
14,0.0,90.50979330219293
15,0.2946874528312604,52.123257952614786
16,0.0,52.25585352731847
17,0.0,27.049620221915553
18,0.0,1.27989927517887e-14
19,0.0,0.0
20,0.0,0.0
21,0.0,0.0
22,0.0,0.0
23,0.0,0.0
0,0.0,0.0
1,0.3412330065548263,0.0
2,0.0,0.0
3,0.21364031938246503,0.0
4,0.0,0.0
5,0.0,0.0
6,0.4327024211037277,0.0
7,0.0,27.09966773303365
8,0.0,52.352537894379466
9,0.0,74.03766911488285
10,0.0,90.67725553824022
11,0.32411443698907805,68.35726585687931
12,0.24077017413222457,79.49521645857168
13,0.0,101.13733684791652
14,0.0,90.67725553824022
15,0.555597762373413,32.90250582331079
16,0.0,52.352537894379466
17,0.30219847472777617,18.910189478481374
18,0.0,1.2822673591918466e-14
19,0.0,0.0
20,0.0,0.0
21,0.0,0.0
22,0.27676658905103235,0.0
23,0.0,0.0
0,0.0,0.0
1,0.0,0.0
2,0.0,0.0
3,0.0,0.0
4,0.0,0.0
5,0.0,0.0
6,0.0,0.0
7,0.0,27.151463470520397
8,0.0,52.452599575439734
9,0.0,74.17917770131213
10,0.0,90.85056745372734
11,0.0,101.33064117183254
12,0.0,104.90519915087948
13,0.0,101.33064117183254
14,0.0,90.85056745372735
15,0.0,74.17917770131213
16,0.26795883384296765,38.39746216117276
17,0.0,27.151463470520433
18,0.5613636739729382,5.6352405523559595e-15
19,0.0,0.0
20,0.0,0.0
21,0.0,0.0
22,0.0,0.0
23,0.0,0.0
0,0.2786111290809819,0.0
1,0.579797182036903,0.0
2,0.0,0.0
3,0.0,0.0
4,0.0,0.0
5,0.0,0.0
6,0.0,0.0
7,0.0,27.204992086180884
8,0.0,52.55600892006367
9,0.0,74.3254205989554
10,0.40500349313624506,54.162340248026545
11,0.0,101.53041268513628
12,0.0,105.11201784012734
13,0.0,101.53041268513628
14,0.0,91.0296776925934
15,0.42299130035108834,42.88641429066169
16,0.0,52.55600892006367
17,0.4206517591200458,15.76116430828199
18,0.0,1.2872509619983144e-14
19,0.0,0.0
20,0.0,0.0
21,0.0,0.0
22,0.0,0.0
23,0.527639027888656,0.0
0,0.0,0.0
1,0.0,0.0
2,0.0,0.0
3,0.0,0.0
4,0.20286126889890396,0.0
5,0.0,0.0
6,0.0,0.0
7,0.0,27.26023771833106
8,0.0,52.6627352858307
9,0.0,74.47635447288594
10,0.0,91.21453318060908
11,0.0,101.736592191217
12,0.0,105.32547057166141
13,0.5822221046753489,42.50329936314898
14,0.0,91.2145331806091
15,0.5962749766338054,30.067967949794866
16,0.0,52.6627352858307
17,0.0,27.26023771833109
18,0.0,1.289865004042739e-14
19,0.0,0.0
20,0.20081369004687796,0.0
21,0.0,0.0
22,0.0,0.0
23,0.0,0.0
0,0.0,0.0
1,0.0,0.0
2,0.0,0.0
3,0.21776948290465026,0.0
4,0.0,0.0
5,0.44999007146553044,0.0
6,0.0,0.0
7,0.0,27.31718399649781
8,0.0,52.772747047415315
9,0.23793716100339993,56.87422395966672
10,0.0,91.40507914110378
11,0.0,101.94911859463727
12,0.0,105.54549409483063
13,0.0,101.94911859463727
14,0.0,91.40507914110378
15,0.36289468287767324,47.54840235960038
16,0.0,52.772747047415315
17,0.0,27.317183996497842
18,0.0,1.292559515076602e-14
19,0.0,0.0
20,0.0,0.0
21,0.0,0.0
22,0.0,0.0
23,0.0,0.0
0,0.0,0.0
1,0.0,0.0
2,0.0,0.0
3,0.0,0.0
4,0.5404713950346118,0.0
5,0.0,0.0
6,0.0,0.0
7,0.3574356316999284,17.590722659341658
8,0.0,52.8860116059583
9,0.0,74.79211487296715
10,0.0,91.6012591111971
11,0.0,102.16792891923707
12,0.5519460378013241,47.39157408986956
13,0.0,102.16792891923707
14,0.0,91.60125911119711
15,0.4261265297350908,42.92121051060139
16,0.0,52.8860116059583
17,0.36555908528823594,17.368336504494668
18,0.5349281776349748,6.024232028756224e-15
19,0.0,0.0
20,0.0,0.0
21,0.0,0.0
22,0.0,0.0
23,0.0,0.0
0,0.0,0.0
1,0.3137792004485046,0.0
2,0.0,0.0
3,0.46811981542872805,0.0
4,0.0,0.0
5,0.5627421423101047,0.0
6,0.0,0.0
7,0.4204338660633079,15.901040489440371
8,0.0,53.002495398726516
9,0.0,74.95684783249662
10,0.5685645619476658,39.60707397315837
11,0.0,102.39295832679493
12,0.22127625588992306,82.54860332814688
13,0.0,102.39295832679493
14,0.4682504740844775,48.81620968181394
15,0.0,74.95684783249662
16,0.0,53.002495398726516
17,0.0,27.43611049429833
18,0.0,1.298186726737455e-14
19,0.0,0.0
20,0.0,0.0
21,0.0,0.0
22,0.0,0.0
23,0.5181027459824881,0.0
0,0.0,0.0
1,0.28098256229947266,0.0
2,0.0,0.0
3,0.3378907628655944,0.0
4,0.0,0.0
5,0.0,0.0
6,0.0,0.0
7,0.0,27.498055473444087
8,0.0,53.12216390905822
9,0.0,75.1260846627967
10,0.0,92.01028689849058
11,0.0,102.6241401362408
12,0.0,106.24432781811646
13,0.0,102.6241401362408
14,0.0,92.01028689849058
15,0.4818160486367553,38.92913140101764
16,0.0,53.12216390905822
17,0.0,27.498055473444115
18,0.4662575156635082,6.9446182558345525e-15
19,0.0,0.0
20,0.0,0.0
21,0.0,0.0
22,0.0,0.0
23,0.0,0.0
0,0.0,0.0
1,0.0,0.0
2,0.0,0.0
3,0.0,0.0
4,0.0,0.0
5,0.0,0.0
6,0.0,0.0
7,0.4975606924443682,13.84804660787314
8,0.0,53.24498167659117
9,0.0,75.29977521534221
10,0.0,92.22301351192984
11,0.0,102.86140584341527
12,0.0,106.48996335318238
13,0.0,102.86140584341527
14,0.0,92.22301351192984
15,0.0,75.29977521534221
16,0.3400697089760593,35.1379762533972
17,0.0,27.56163062807312
18,0.3276826280628774,8.767865163311538e-15
19,0.0,0.0
20,0.0,0.0
21,0.0,0.0
22,0.0,0.0
23,0.0,0.0
0,0.0,0.0
1,0.0,0.0
2,0.0,0.0
3,0.27161431124638136,0.0
4,0.0,0.0
5,0.0,0.0
6,0.0,0.0
7,0.2366742015596528,21.088262236103915
8,0.36464277858186456,33.90959454841586
9,0.0,75.47786802187379
10,0.41361798993897014,54.20581665571623
11,0.28544517410016745,73.67395034064776
12,0.0,106.74182461554044
13,0.0,103.10468514136872
14,0.0,92.44113176336114
15,0.0,75.47786802187379
16,0.0,53.37091230777021
17,0.0,27.626817119494948
18,0.0,1.3072103385056977e-14
19,0.0,0.0
20,0.0,0.0
21,0.4901658301780177,0.0
22,0.0,0.0
23,0.0,0.0
0,0.0,0.0
1,0.0,0.0
2,0.5584616060235941,0.0
3,0.0,0.0
4,0.0,0.0
5,0.0,0.0
6,0.0,0.0
7,0.0,27.69359563154534
8,0.0,53.499918486631515
9,0.0,75.66031030964938
10,0.0,92.66457701963924
11,0.26944618967281203,75.5055897975376
12,0.0,106.99983697326306
13,0.0,103.35390594119471
14,0.0,92.66457701963924
15,0.0,75.66031030964938
16,0.0,53.499918486631515
17,0.0,27.693595631545367
18,0.0,1.310370078585952e-14
19,0.579041256262728,0.0
20,0.0,0.0
21,0.0,0.0
22,0.0,0.0
23,0.4002795935233583,0.0
0,0.0,0.0
1,0.0,0.0
2,0.476993481202277,0.0
3,0.0,0.0
4,0.0,0.0
5,0.0,0.0
6,0.0,0.0
7,0.0,27.761946376310018
8,0.0,53.631961985860116
9,0.0,75.84704801708166
10,0.0,92.89328306911234
11,0.0,103.6089943933917
12,0.0,107.26392397172025
13,0.0,103.6089943933917
14,0.31863073730850844,63.294627793793104
15,0.2468201307420592,57.12646970910632
16,0.42443490284979113,30.868685410747887
17,0.2817111392007135,19.941096836210626
18,0.0,1.3136042115595226e-14
19,0.5946838319426222,0.0
20,0.4778990660913765,0.0
21,0.3585607592128391,0.0
22,0.29722913784724847,0.0
23,0.0,0.0
0,0.0,0.0
1,0.0,0.0
2,0.0,0.0
3,0.3938116162278573,0.0
4,0.0,0.0
5,0.31438317796088733,0.0
6,0.0,0.0
7,0.0,27.831849099988162
8,0.0,53.76700367811744
9,0.0,76.03802580975777
10,0.0,93.12718214124212
11,0.0,103.86987490974595
12,0.0,107.5340073562349
13,0.49611738063146077,52.338224643005304
14,0.5035700171003084,46.231125437873295
15,0.0,76.03802580975777
16,0.0,53.76700367811744
17,0.0,27.83184909998819
18,0.0,1.31691177908301e-14
19,0.0,0.0
20,0.0,0.0
21,0.44266638998271607,0.0
22,0.0,0.0
23,0.0,0.0
0,0.0,0.0
1,0.0,0.0
2,0.0,0.0
3,0.0,0.0
4,0.0,0.0
5,0.0,0.0
6,0.0,0.0
7,0.0,27.90328308889411
8,0.0,53.90500354763565
9,0.0,76.23318709683615
10,0.0,93.36620492668551
11,0.0,104.13647018573026
12,0.37982443423361467,66.8611321455879
13,0.0,104.13647018573026
14,0.0,93.36620492668554
15,0.4359701221278556,42.997795208032834
16,0.0,53.90500354763565
17,0.577064412030613,11.801291439477696
18,0.0,1.3202918010527745e-14
19,0.25631417999473216,0.0
20,0.0,0.0
21,0.0,0.0
22,0.0,0.0
23,0.0,0.0
0,0.0,0.0
1,0.0,0.0
2,0.29514074486081904,0.0
3,0.0,0.0
4,0.0,0.0
5,0.0,0.0
6,0.0,0.0
7,0.0,27.976227175595284
8,0.0,54.04592070207512
9,0.26221747524360756,56.39054367637475
10,0.0,93.61028059783271
11,0.31507009040416883,71.51264228996888
12,0.0,108.09184140415024
13,0.0,104.40870122341074
14,0.0,93.61028059783273
15,0.5427656418346911,34.94755321423954
16,0.0,54.04592070207512
17,0.0,27.976227175595312
18,0.0,1.3237432758953595e-14
19,0.35958151983839304,0.0
20,0.0,0.0
21,0.0,0.0
22,0.0,0.0
23,0.0,0.0
0,0.0,0.0
1,0.0,0.0
2,0.0,0.0
3,0.0,0.0
4,0.0,0.0
5,0.0,0.0
6,0.0,0.0
7,0.2669194650405656,20.563392651964953
8,0.0,54.18971338464174
9,0.0,76.63582760967121
10,0.0,93.85933682979474
11,0.0,104.68648735485573
12,0.5806942799245305,45.444113582861036
13,0.0,104.68648735485573
14,0.5231955692906165,44.75254766389056
15,0.0,76.63582760967121
16,0.0,54.18971338464174
17,0.0,28.05065974518456
18,0.0,1.3272651808642802e-14
19,0.38001013063139866,0.0
20,0.45093027477459513,0.0
21,0.4615854682316192,0.0
22,0.3758446004135181,0.0
23,0.5847128551744762,0.0
0,0.20572795474634897,0.0
1,0.0,0.0
2,0.0,0.0
3,0.0,0.0
4,0.5897628321739832,0.0
5,0.0,0.0
6,0.0,0.0
7,0.2863624461025009,20.07216857997047
8,0.0,54.33633898646038
9,0.0,76.84318752435424
10,0.0,94.11329982183497
11,0.5362944963773357,48.67504905743706
12,0.0,108.67267797292078
13,0.0,104.96974626603934
14,0.0,94.113299821835
15,0.0,76.84318752435424
16,0.0,54.33633898646038
17,0.0,28.126558741685127
18,0.0,1.330856472343085e-14
19,0.0,0.0
20,0.0,0.0
21,0.0,0.0
22,0.0,0.0
23,0.2666664655608455,0.0
0,0.37273217080318355,0.0
1,0.0,0.0
2,0.0,0.0
3,0.22950869105799054,0.0
4,0.0,0.0
5,0.0,0.0
6,0.0,0.0
7,0.0,28.20390167458628
8,0.0,54.48575405920079
9,0.21484292953591488,60.499879476990365
10,0.0,94.37209431923795
11,0.21422089700190283,82.70984643702472
12,0.0,108.97150811840157
13,0.0,105.25839402123297
14,0.0,94.37209431923796
15,0.0,77.05449234664667
16,0.0,54.48575405920079
17,0.0,28.203901674586316
18,0.0,1.3345160861546032e-14
19,0.0,0.0
20,0.0,0.0
21,0.0,0.0
22,0.0,0.0
23,0.0,0.0
0,0.0,0.0
1,0.231013653756724,0.0
2,0.0,0.0
3,0.0,0.0
4,0.0,0.0
5,0.34761416306210247,0.0
6,0.0,0.0
7,0.0,28.282665625507878
8,0.0,54.63791432795224
9,0.3787077726978935,48.00705125609527
10,0.4029756188827513,56.49978657318185
11,0.0,105.5523450878772
12,0.0,109.2758286559045
13,0.0,105.5523450878772
14,0.0,94.63564363560884
15,0.0,77.26967946236931
16,0.0,54.63791432795224
17,0.0,28.282665625507903
18,0.0,1.3382429378762806e-14
19,0.0,0.0
20,0.0,0.0
21,0.0,0.0
22,0.0,0.0
23,0.0,0.0
0,0.0,0.0
1,0.0,0.0
2,0.5087628211890389,0.0
3,0.0,0.0
4,0.0,0.0
5,0.0,0.0
6,0.0,0.0
7,0.36897652906186873,17.89760970006327
8,0.45265007099334015,29.99082134450018
9,0.0,77.48868510693566
10,0.0,94.90386967559725
11,0.0,105.85151236192702
12,0.0,109.58554940868649
13,0.0,105.85151236192702
14,0.0,94.90386967559726
15,0.0,77.48868510693566
16,0.0,54.79277470434323
17,0.0,28.362827254991377
18,0.0,1.3420359231615203e-14
19,0.20902681272513857,0.0
20,0.42301042703842284,0.0
21,0.0,0.0
22,0.0,0.0
23,0.0,0.0
0,0.0,0.0
1,0.0,0.0
2,0.0,0.0
3,0.0,0.0
4,0.23013802935682706,0.0
5,0.0,0.0
6,0.0,0.0
7,0.0,28.444362809415853
8,0.0,54.9502892999021
9,0.0,77.71144438424672
10,0.0,95.17669295803888
11,0.0,106.1558071936626
12,0.0,109.9005785998042
13,0.2901151544215582,75.35839879692801
14,0.0,95.17669295803888
15,0.0,77.71144438424672
16,0.0,54.9502892999021
17,0.0,28.444362809415885
18,0.0,1.3458939180669234e-14
19,0.0,0.0
20,0.24691320697319888,0.0
21,0.0,0.0
22,0.0,0.0
23,0.3457654406699106,0.0
0,0.0,0.0
1,0.30600057001726355,0.0
2,0.0,0.0
3,0.0,0.0
4,0.0,0.0
5,0.0,0.0
6,0.0,0.0
7,0.0,28.52724812803694
8,0.37020461828075124,34.70828260934219
9,0.0,77.93789128592107
10,0.0,95.45403263950703
11,0.0,106.46513941395803
12,0.0,110.22082287930944
13,0.0,106.46513941395803
14,0.0,95.45403263950706
15,0.0,77.93789128592107
16,0.0,55.110411439654705
17,0.0,28.52724812803697
18,0.0,1.3498157793853367e-14
19,0.0,0.0
20,0.0,0.0
21,0.3062818673584403,0.0
22,0.0,0.0
23,0.0,0.0
0,0.0,0.0
1,0.5915096687853898,0.0
2,0.0,0.0
3,0.0,0.0
4,0.0,0.0
5,0.0,0.0
6,0.0,0.0
7,0.0,28.61145865014588
8,0.0,55.27309367595533
9,0.0,78.16795871085459
10,0.0,95.73580653826863
11,0.0,106.77941736100048
12,0.0,110.54618735191069
13,0.0,106.77941736100048
14,0.0,95.73580653826865
15,0.3019243789812136,54.567146320850675
16,0.5002069494406336,27.625108102159338
17,0.0,28.61145865014591
18,0.0,1.3538003449846106e-14
19,0.0,0.0
20,0.0,0.0
21,0.3511577667033255,0.0
22,0.0,0.0
23,0.0,0.0
0,0.0,0.0
1,0.0,0.0
2,0.0,0.0
3,0.0,0.0
4,0.0,0.0
5,0.0,0.0
6,0.0,0.0
7,0.0,28.69696942234757
8,0.4547311487389289,30.22877150597513
9,0.0,78.40157848510408
10,0.0,96.02193115863635
11,0.0,107.09854790745166
12,0.0,110.87657560509284
13,0.0,107.09854790745166
14,0.0,96.02193115863636
15,0.5188083788387912,37.72618265284498
16,0.23883798871350495,42.19751864606579
17,0.0,28.696969422347603
18,0.0,1.3578464341519644e-14
19,0.0,0.0
20,0.0,0.0
21,0.0,0.0
22,0.35323385563906406,0.0
23,0.0,0.0
0,0.5018675578876497,0.0
1,0.0,0.0
2,0.0,0.0
3,0.0,0.0
4,0.0,0.0
5,0.0,0.0
6,0.0,0.0
7,0.0,28.783755105954732
8,0.0,55.605944868843025
9,0.0,78.63868138208842
10,0.21021819494633803,76.06571929354247
11,0.0,107.42243648804316
12,0.0,111.21188973768605
13,0.0,107.42243648804316
14,0.0,96.31232171571004
15,0.22254065082347943,61.138378047418236
16,0.40327308401715384,33.181563991896866
17,0.0,28.783755105954764
18,0.3701570923574544,8.57816341821004e-15
19,0.24166482294165312,0.0
20,0.48316859674178253,0.0
21,0.0,0.0
22,0.0,0.0
23,0.0,0.0
0,0.0,0.0
1,0.0,0.0
2,0.5040252812093771,0.0
3,0.2744578808972771,0.0
4,0.0,0.0
5,0.37827988572695925,0.0
6,0.0,0.0
7,0.0,28.871789984496317
8,0.5899676751877414,22.86996917893931
9,0.25555406456464624,58.721297703586394
10,0.0,96.6068921605005
11,0.44822669169358276,59.454118640677216
12,0.0,111.55203038887622
13,0.0,107.75098712759852
14,0.43143028253453886,54.92775338091204
15,0.4724015584335975,41.61654148470975
16,0.0,55.776015194438095
17,0.0,28.871789984496353
18,0.0,1.3661183695412552e-14
19,0.0,0.0
20,0.5056765521512876,0.0
21,0.0,0.0
22,0.0,0.0
23,0.0,0.0
0,0.0,0.0
1,0.0,0.0
2,0.4926489298556668,0.0
3,0.0,0.0
4,0.0,0.0
5,0.0,0.0
6,0.5248775265070235,0.0
7,0.0,28.961047971337877
8,0.27093182279056105,40.79023328089077
9,0.0,79.12305449813465
10,0.0,96.90555520542759
11,0.0,108.08410246947253
12,0.0,111.89689676764752
13,0.49116223247560425,54.99727340544443
14,0.0,96.9055552054276
15,0.5109416334871926,38.695791786361575
16,0.0,55.94844838382376
17,0.0,28.96104797133791
18,0.0,1.3703417646102137e-14
19,0.0,0.0
20,0.0,0.0
21,0.0,0.0
22,0.0,0.0
23,0.0,0.0
0,0.5216641109582705,0.0
1,0.45974297466422703,0.0
2,0.0,0.0
3,0.0,0.0
4,0.0,0.0
5,0.2816681678803061,0.0
6,0.0,0.0
7,0.0,29.051502617411554
8,0.0,56.123193341324566
9,0.0,79.37018118698857
10,0.0,97.20822235018544
11,0.454104899298436,59.18686599863615
12,0.5779123045263281,47.377818680126026
13,0.22313692113800335,84.22880309568818
14,0.0,97.20822235018545
15,0.0,79.37018118698857
16,0.0,56.123193341324566
17,0.0,29.051502617411582
18,0.0,1.3746217816676235e-14
19,0.0,0.0
20,0.0,0.0
21,0.0,0.0
22,0.0,0.0
23,0.0,0.0
0,0.0,0.0
1,0.0,0.0
2,0.0,0.0
3,0.0,0.0
4,0.0,0.0
5,0.0,0.0
6,0.0,0.0
7,0.0,29.143127119053545
8,0.0,56.30019828623829
9,0.0,79.62050398069269
10,0.0,97.51480390796696
11,0.0,108.76363109974625
12,0.0,112.60039657247658
13,0.0,108.76363109974625
14,0.0,97.51480390796698
15,0.0,79.62050398069269
16,0.0,56.30019828623829
17,0.26723965356213353,21.35492792404048
18,0.0,1.3789571524520607e-14
19,0.0,0.0
20,0.0,0.0
21,0.0,0.0
22,0.0,0.0
23,0.0,0.0
0,0.0,0.0
1,0.0,0.0
2,0.0,0.0
3,0.0,0.0
4,0.4239927710820267,0.0
5,0.0,0.0
6,0.0,0.0
7,0.0,29.235894325946607
8,0.0,56.479410768179704
9,0.5851792373032217,33.13337232066509
10,0.0,97.82520903204001
11,0.0,109.10984302914738
12,0.0,112.95882153635941
13,0.0,109.10984302914738
14,0.0,97.82520903204002
15,0.45626647969417083,43.43014330911857
16,0.0,56.479410768179704
17,0.0,29.23589432594664
18,0.0,1.3833465922995968e-14
19,0.4597845187136164,0.0
20,0.3425341750583061,0.0
21,0.0,0.0
22,0.0,0.0
23,0.2216016790888193,0.0
0,0.25367042231383624,0.0
1,0.0,0.0
2,0.5799300232458329,0.0
3,0.3004538235122375,0.0
4,0.0,0.0
5,0.0,0.0
6,0.0,0.0
7,0.0,29.32977674916524
8,0.0,56.660777682622665
9,0.0,80.13044025337177
10,0.0,98.13934574266723
11,0.0,109.46021700253704
12,0.34759252180472544,73.9318301610059
13,0.0,109.46021700253704
14,0.0,98.13934574266723
15,0.0,80.13044025337177
16,0.0,56.660777682622665
17,0.23238355674037786,22.514018909793013
18,0.0,1.387788800524473e-14
19,0.0,0.0
20,0.0,0.0
21,0.0,0.0
22,0.0,0.0
23,0.0,0.0
0,0.0,0.0
1,0.0,0.0
2,0.0,0.0
3,0.5679313060838949,0.0
4,0.0,0.0
5,0.0,0.0
6,0.0,0.0
7,0.0,29.424746569321307
8,0.0,56.84424528663623
9,0.0,80.38990262722385
10,0.0,98.45712095436163
11,0.0,109.81464919654516
12,0.0,113.68849057327246
13,0.21991210547163642,85.66507848010377
14,0.0,98.45712095436164
15,0.0,80.38990262722385
16,0.0,56.84424528663623
17,0.0,29.424746569321346
18,0.0,1.3922824608045217e-14
19,0.0,0.0
20,0.0,0.0
21,0.0,0.0
22,0.0,0.0
23,0.0,0.0
0,0.24539852595399397,0.0
1,0.0,0.0
2,0.0,0.0
3,0.40073156764973933,0.0
4,0.0,0.0
5,0.0,0.0
6,0.0,0.0
7,0.0,29.520775644807486
8,0.0,57.029759214809744
9,0.0,80.65225894045594
10,0.0,98.77844050346985
11,0.0,110.17303458526345
12,0.0,114.05951842961952
13,0.0,110.17303458526345
14,0.37564782352993886,61.67253431665985
15,0.0,80.65225894045594
16,0.0,57.029759214809744
17,0.3973417173239011,17.79093995336611
18,0.0,1.3968262415712206e-14
19,0.49084580633926356,0.0
20,0.0,0.0
21,0.25734931750769985,0.0
22,0.0,0.0
23,0.0,0.0
0,0.0,0.0
1,0.0,0.0
2,0.0,0.0
3,0.0,0.0
4,0.0,0.0
5,0.0,0.0
6,0.0,0.0
7,0.367782723913687,18.72490729611297
8,0.0,57.21726449536259
9,0.0,80.91743145123036
10,0.3600017142258908,63.42588398740085
11,0.0,110.53526697136657
12,0.0,114.43452899072518
13,0.0,110.53526697136657
14,0.506341606757684,48.92313100701825
15,0.0,80.91743145123036
16,0.0,57.21726449536259
17,0.0,29.617835520136254
18,0.0,1.401418796404266e-14
19,0.0,0.0
20,0.0,0.0
21,0.0,0.0
22,0.0,0.0
23,0.0,0.0
0,0.0,0.0
1,0.0,0.0
2,0.0,0.0
3,0.0,0.0
4,0.5476144165507606,0.0
5,0.0,0.0
6,0.20257163263905287,0.0
7,0.0,29.715897434371737
8,0.0,57.40670556643344
9,0.4600194678615978,43.838503949939266
10,0.53123505642072,46.60992214257212
11,0.43165435743776065,63.03023595039554
12,0.0,114.81341113286688
13,0.0,110.90123901758098
14,0.0,99.43133073620982
15,0.0,81.18534158320922
16,0.0,57.40670556643344
17,0.0,29.715897434371765
18,0.46513107833115386,7.52057135133996e-15
19,0.0,0.0
20,0.0,0.0
21,0.5104907646177244,0.0
22,0.0,0.0
23,0.0,0.0
0,0.0,0.0
1,0.0,0.0
2,0.0,0.0
3,0.0,0.0
4,0.41087721995478477,0.0
5,0.0,0.0
6,0.0,0.0
7,0.31339783539142335,20.47099707519763
8,0.0,57.59802629254445
9,0.0,81.4559099488385
10,0.44514273233301505,55.354063550623934
11,0.0,111.270842278491
12,0.0,115.19605258508894
13,0.0,111.270842278491
14,0.0,99.76270795437506
15,0.0,81.4559099488385
16,0.0,57.59802629254445
17,0.0,29.814932329652517
18,0.0,1.4107447707273935e-14
19,0.0,0.0
20,0.0,0.0
21,0.0,0.0
22,0.21495277058067877,0.0
23,0.41817462955533014,0.0
0,0.5360851931492043,0.0
1,0.22323192119400256,0.0
2,0.0,0.0
3,0.0,0.0
4,0.0,0.0
5,0.0,0.0
6,0.0,0.0
7,0.0,29.914910859801658
8,0.0,57.79116998123546
9,0.5308489205276921,38.34327502158605
10,0.0,100.09724263634915
11,0.0,111.64396723267375
12,0.4963813772951962,58.209418860898026
13,0.0,111.64396723267375
14,0.0,100.09724263634916
15,0.5796996375819956,34.35075201359965
16,0.0,57.79116998123546
17,0.0,29.914910859801687
18,0.0,1.4154754267300124e-14
19,0.0,0.0
20,0.0,0.0
21,0.5737829569877999,0.0
22,0.0,0.0
23,0.0,0.0
0,0.0,0.0
1,0.0,0.0
2,0.4382330298869007,0.0
3,0.37502930516186533,0.0
4,0.438249680850193,0.0
5,0.0,0.0
6,0.0,0.0
7,0.0,30.015803399023042
8,0.0,57.98607939986311
9,0.20700382880432755,65.02941305354084
10,0.0,100.43483565228594
11,0.5166864409037115,54.14102814900399
12,0.5636270040195182,50.60711838576074
13,0.0,112.0205033151526
14,0.0,100.43483565228595
15,0.0,82.00469991612957
16,0.4797393544961831,30.167875098808363
17,0.466811222681153,16.00408951456801
18,0.0,1.4202493306429328e-14
19,0.0,0.0
20,0.0,0.0
21,0.3865304942768977,0.0
22,0.0,0.0
23,0.0,0.0
0,0.2269623276933641,0.0
1,0.0,0.0
2,0.0,0.0
3,0.4265473577691946,0.0
4,0.43001155940321834,0.0
5,0.0,0.0
6,0.0,0.0
7,0.0,30.117580050679848
8,0.0,58.18269679256017
9,0.0,82.28275889948019
10,0.0,100.77538696608899
11,0.0,112.40033895016005
12,0.0,116.36539358512037
13,0.0,112.40033895016005
14,0.0,100.77538696608899
15,0.0,82.28275889948019
16,0.0,58.18269679256017
17,0.45131748199650434,16.524989658378885
18,0.0,1.4250650678553963e-14
19,0.0,0.0
20,0.0,0.0
21,0.0,0.0
22,0.0,0.0
23,0.0,0.0
0,0.0,0.0
1,0.23097745917217966,0.0
2,0.0,0.0
3,0.0,0.0
4,0.0,0.0
5,0.0,0.0
6,0.0,0.0
7,0.4083572597745364,17.879568242797504
8,0.30564379855576024,40.53718432841714
9,0.0,82.5631509280462
10,0.20686446827147612,80.20090976755078
11,0.49041783505188913,57.47238956620217
12,0.0,116.76192779469973
13,0.0,112.78336158419985
14,0.0,101.1187956650543
15,0.0,82.5631509280462
16,0.0,58.38096389734985
17,0.3454282780502446,19.781295326882866
18,0.0,1.4299212113605338e-14
19,0.0,0.0
20,0.0,0.0
21,0.0,0.0
22,0.0,0.0
23,0.0,0.0
0,0.5038312891631085,0.0
1,0.0,0.0
2,0.0,0.0
3,0.0,0.0
4,0.0,0.0
5,0.0,0.0
6,0.0,0.0
7,0.0,30.323664803781117
8,0.0,58.580821963410024
9,0.0,82.84579291561816
10,0.3166290738144512,69.33820368359079
11,0.0,113.16945771939929
12,0.0,117.16164392682008
13,0.0,113.16945771939929
14,0.0,101.46495998977298
15,0.0,82.84579291561816
16,0.5502039477153279,26.349422458733045
17,0.0,30.323664803781156
18,0.2806951535268889,1.0320703343415195e-14
19,0.0,0.0
20,0.0,0.0
21,0.0,0.0
22,0.0,0.0
23,0.0,0.0
0,0.0,0.0
1,0.0,0.0
2,0.0,0.0
3,0.0,0.0
4,0.0,0.0
5,0.5036133464869206,0.0
6,0.0,0.0
7,0.5529201811675232,13.603705311923518
8,0.0,58.78221176848245
9,0.0,83.13060110927525
10,0.0,101.81377736428479
11,0.0,113.55851294714084
12,0.2982122157974864,82.50527629505244
13,0.5061395716428873,56.082055847671704
14,0.0,101.8137773642848
15,0.0,83.13060110927525
16,0.0,58.78221176848245
17,0.0,30.427911837865608
18,0.0,1.439748949781478e-14
19,0.4230864916887058,0.0
20,0.0,0.0
21,0.0,0.0
22,0.0,0.0
23,0.0,0.0
0,0.0,0.0
1,0.26881077530118197,0.0
2,0.0,0.0
3,0.0,0.0
4,0.0,0.0
5,0.31825674536635856,0.0
6,0.0,0.0
7,0.0,30.53292086776098
8,0.0,58.985073636421504
9,0.0,83.41749111420302
10,0.48152409922557243,52.97016528426538
11,0.0,113.950411981964
12,0.0,117.97014727284304
13,0.44030034684192243,63.7780060635253
14,0.38889885789144313,62.43323644270367
15,0.0,83.41749111420302
16,0.0,58.985073636421504
17,0.0,30.532920867761007
18,0.0,1.444717632526291e-14
19,0.0,0.0
20,0.0,0.0
21,0.0,0.0
22,0.0,0.0
23,0.0,0.0
0,0.0,0.0
1,0.31277227423896303,0.0
2,0.27137216382872675,0.0
3,0.0,0.0
4,0.0,0.0
5,0.0,0.0
6,0.0,0.0
7,0.0,30.638660777025503
8,0.0,59.18934745487764
9,0.0,83.7063779187014
10,0.0,102.51895705869569
11,0.0,114.34503869572691
12,0.0,118.37869490975531
13,0.0,114.34503869572691
14,0.0,102.5189570586957
15,0.0,83.7063779187014
16,0.0,59.18934745487764
17,0.0,30.63866077702553
18,0.0,1.4497208980847292e-14
19,0.39810220560488474,0.0
20,0.0,0.0
21,0.4096164863902335,0.0
22,0.0,0.0
23,0.3796657592248931,0.0
0,0.4402080583488583,0.0
1,0.0,0.0
2,0.0,0.0
3,0.5858857492254501,0.0
4,0.36644813162108436,0.0
5,0.0,0.0
6,0.0,0.0
7,0.39191167158235785,18.695736607500116
8,0.0,59.39497269310984
9,0.0,83.99717591937558
10,0.0,102.87511041863232
11,0.0,114.74227615201755
12,0.0,118.78994538621969
13,0.0,114.74227615201755
14,0.0,102.87511041863232
15,0.0,83.99717591937558
16,0.24862499562271465,44.62789786727415
17,0.0,30.745100232642006
18,0.0,1.4547572638812285e-14
19,0.0,0.0
20,0.5171467190779204,0.0
21,0.423019949637186,0.0
22,0.0,0.0
23,0.0,0.0
0,0.0,0.0
1,0.3508142414114327,0.0
2,0.0,0.0
3,0.22502945311985526,0.0
4,0.0,0.0
5,0.5273904347577618,0.0
6,0.2188578116998844,0.0
7,0.30578922289850996,21.417935078758333
8,0.0,59.60188841992224
9,0.2099671265029111,66.59171206819686
10,0.0,103.23349897035644
11,0.0,115.1420066408045
12,0.0,119.20377683984448
13,0.0,115.1420066408045
14,0.0,103.23349897035645
15,0.0,84.28979894650196
16,0.2615719314573495,44.01170734741775
17,0.0,30.85220769430257
18,0.0,1.4598252375319096e-14
19,0.0,0.0
20,0.0,0.0
21,0.0,0.0
22,0.0,0.0
23,0.0,0.0
0,0.0,0.0
1,0.0,0.0
2,0.0,0.0
3,0.0,0.0
4,0.0,0.0
5,0.5480445489028349,0.0
6,0.4095643389752301,0.0
7,0.0,30.959951423754738
8,0.0,59.8100333217194
9,0.0,84.58416028956233
10,0.0,103.59401651560557
11,0.0,115.54411171331708
12,0.0,119.62006664343883
13,0.0,115.54411171331708
14,0.0,103.59401651560559
15,0.0,84.58416028956233
16,0.0,59.8100333217194
17,0.0,30.959951423754767
18,0.0,1.4649233172868046e-14
19,0.5405914479943386,0.0
20,0.0,0.0
21,0.30063577322418567,0.0
22,0.0,0.0
23,0.5269354510544251,0.0
0,0.44249677336679283,0.0
1,0.0,0.0
2,0.0,0.0
3,0.0,0.0
4,0.0,0.0
5,0.5196747160251212,0.0
6,0.0,0.0
7,0.0,31.068299494206233
8,0.34521070586357244,39.300025018970864
9,0.2378736505129449,64.68941618116338
10,0.0,103.95655622525042
11,0.0,115.94847221714414
12,0.0,120.03869144134961
13,0.21307857711385775,91.2423367385894
14,0.0,103.95655622525045
15,0.0,84.8801727229379
16,0.0,60.019345720674806
17,0.5331477901110147,14.504304276363044
18,0.0,1.4700499924748556e-14
19,0.0,0.0
20,0.0,0.0
21,0.0,0.0
22,0.0,0.0
23,0.0,0.0
0,0.0,0.0
1,0.5400257656681662,0.0
2,0.0,0.0
3,0.0,0.0
4,0.0,0.0
5,0.0,0.0
6,0.0,0.0
7,0.0,31.177219799785426
8,0.0,60.22976359300726
9,0.0,85.17774853175615
10,0.0,104.3210106709508
11,0.0,116.3549683315416
12,0.0,120.45952718601455
13,0.0,116.3549683315416
14,0.0,104.32101067095081
15,0.0,85.17774853175615
16,0.0,60.22976359300726
17,0.2049936816587311,24.78608672914395
18,0.0,1.475203743951563e-14
19,0.0,0.0
20,0.0,0.0
21,0.0,0.0
22,0.0,0.0
23,0.0,0.0
0,0.5419663881047747,0.0
1,0.3627092242780635,0.0
2,0.0,0.0
3,0.0,0.0
4,0.0,0.0
5,0.0,0.0
6,0.0,0.0
7,0.0,31.286680065055055
8,0.0,60.44122458736005
9,0.0,85.47679953788277
10,0.5749003460800584,44.5025230362288
11,0.0,116.76347960293784
12,0.0,120.8824491747201
13,0.0,116.76347960293784
14,0.5434824638521533,47.79157541419237
15,0.32528514602246217,57.67246631866985
16,0.0,60.44122458736005
17,0.0,31.28668006505509
18,0.0,1.4803830445491358e-14
19,0.5998966233053038,0.0
20,0.0,0.0
21,0.0,0.0
22,0.0,0.0
23,0.0,0.0
0,0.0,0.0
1,0.0,0.0
2,0.0,0.0
3,0.0,0.0
4,0.5693093150785007,0.0
5,0.0,0.0
6,0.0,0.0
7,0.20942810495164865,24.82130739255805
8,0.4782938826839999,31.64338861241926
9,0.0,85.77723712605054
10,0.0,105.05523125227059
11,0.0,117.17388498062674
12,0.0,121.30733208655363
13,0.0,117.17388498062674
14,0.5082657345342922,51.65925697316535
15,0.0,85.77723712605054
16,0.0,60.653666043276814
17,0.0,31.39664785457622
18,0.0,1.4855863595290288e-14
19,0.0,0.0
20,0.0,0.0
21,0.0,0.0
22,0.0,0.0
23,0.0,0.0
0,0.3710098033587722,0.0
1,0.0,0.0
2,0.0,0.0
3,0.0,0.0
4,0.0,0.0
5,0.0,0.0
6,0.0,0.0
7,0.0,31.507090582519492
8,0.47553659239093526,31.922527347649776
9,0.0,86.07897227011814
10,0.0,105.424779822486
11,0.22343811217107265,91.31285495121519
12,0.0,121.73405001953864
13,0.0,117.58606285263762
14,0.3040018742465162,73.37544916442397
15,0.0,86.07897227011814
16,0.0,60.86702500976931
17,0.0,31.507090582519528
18,0.0,1.4908121470367182e-14
19,0.0,0.0
20,0.0,0.0
21,0.0,0.0
22,0.0,0.0
23,0.5250003679230915,0.0
0,0.0,0.0
1,0.3783682190482385,0.0
2,0.20145744248753986,0.0
3,0.0,0.0
4,0.0,0.0
5,0.0,0.0
6,0.0,0.0
7,0.0,31.61797552232112
8,0.0,61.081238263971116
9,0.0,86.38191555945042
10,0.0,105.7958080624182
11,0.3449357841444398,77.2975061225222
12,0.0,122.16247652794226
13,0.5361374567978111,54.735729574771845
14,0.0,105.79580806241822
15,0.0,86.38191555945042
16,0.22945696907675509,47.065722464465196
17,0.0,31.617975522321153
18,0.0,1.4960588585585815e-14
19,0.0,0.0
20,0.0,0.0
21,0.0,0.0
22,0.0,0.0
23,0.0,0.0
0,0.0,0.0
1,0.0,0.0
2,0.0,0.0
3,0.0,0.0
4,0.0,0.0
5,0.5055596442024366,0.0
6,0.0,0.0
7,0.0,31.729269816380324
8,0.0,61.2962423298719
9,0.0,86.68597722541267
10,0.0,106.16820602839225
11,0.0,118.41524704179301
12,0.40074272523945903,73.4644382633215
13,0.24507408511646492,89.39473870918539
14,0.0,106.16820602839225
15,0.0,86.68597722541267
16,0.0,61.2962423298719
17,0.32824870650217486,21.314178040895005
18,0.0,1.5013249393807627e-14
19,0.0,0.0
20,0.0,0.0
21,0.0,0.0
22,0.5474988317665144,0.0
23,0.0,0.0
0,0.24117910574711507,0.0
1,0.0,0.0
2,0.0,0.0
3,0.0,0.0
4,0.0,0.0
5,0.0,0.0
6,0.0,0.0
7,0.0,31.840940485795844
8,0.0,61.51197349712678
9,0.3279237694147724,58.464628516836356
10,0.0,106.54186337085383
11,0.0,118.83200765376694
12,0.0,123.02394699425356
13,0.0,118.83200765376694
14,0.37528804993748777,66.55797522969984
15,0.0,86.99106716797108
16,0.0,61.51197349712678
17,0.503655338720769,15.804080820234507
18,0.0,1.5066088290498628e-14
19,0.5561341175263967,0.0
20,0.0,0.0
21,0.575412906299726,0.0
22,0.0,0.0
23,0.5627519079373091,0.0
0,0.0,0.0
1,0.0,0.0
2,0.317194499620703,0.0
3,0.0,0.0
4,0.44492557079662876,0.0
5,0.0,0.0
6,0.0,0.0
7,0.0,31.95295444013827
8,0.26430370412743065,45.41333157009963
9,0.0,87.29709498239131
10,0.0,106.91666936706818
11,0.0,119.25004942252959
12,0.0,123.45673567987006
13,0.5305247033346814,55.984952329996
14,0.0,106.9166693670682
15,0.0,87.29709498239131
16,0.0,61.72836783993502
17,0.0,31.952954440138306
18,0.0,1.511908961835337e-14
19,0.0,0.0
20,0.0,0.0
21,0.0,0.0
22,0.4176200297520187,0.0
23,0.0,0.0
0,0.0,0.0
1,0.0,0.0
2,0.4602486899586495,0.0
3,0.0,0.0
4,0.0,0.0
5,0.0,0.0
6,0.0,0.0
7,0.0,32.0652784872555
8,0.0,61.9453612359827
9,0.0,87.60396998602732
10,0.48770457395838446,54.96546363480894
11,0.44386616465344736,66.55211812648636
12,0.0,123.8907224719654
13,0.0,119.66924847328283
14,0.0,107.29251295392966
15,0.2741170655448494,63.59022680337845
16,0.0,61.9453612359827
17,0.0,32.06527848725553
18,0.0,1.5172237671934548e-14
19,0.31146526490605575,0.0
20,0.3746929964417962,0.0
21,0.0,0.0
22,0.0,0.0
23,0.24498482577109912,0.0
0,0.0,0.0
1,0.0,0.0
2,0.0,0.0
3,0.0,0.0
4,0.0,0.0
5,0.0,0.0
6,0.0,0.0
7,0.0,32.17787934310819
8,0.0,62.16288938544342
9,0.0,87.91160124519261
10,0.0,107.6692827608721
11,0.0,120.08948058830082
12,0.0,124.32577877088687
13,0.4103330943704512,70.81279241716312
14,0.0,107.66928276087211
15,0.0,87.91160124519261
16,0.0,62.16288938544342
17,0.0,32.17787934310822
18,0.48515875128249597,7.838724031395175e-15
19,0.0,0.0
20,0.44685874442372553,0.0
21,0.0,0.0
22,0.0,0.0
23,0.0,0.0
0,0.4034657586229048,0.0
1,0.0,0.0
2,0.0,0.0
3,0.41018469931096824,0.0
4,0.0,0.0
5,0.0,0.0
6,0.0,0.0
7,0.0,32.29072364163264
8,0.0,62.38088783003191
9,0.4449476945262695,48.9666575527053
10,0.5265470224442509,51.155110964362386
11,0.0,120.51062124373854
12,0.0,124.76177566006385
13,0.5019067073006542,60.025532140537464
14,0.0,108.04686714287034
15,0.0,88.21989760210589
16,0.0,62.38088783003191
17,0.0,32.29072364163268
18,0.0,1.5278910921803733e-14
19,0.0,0.0
20,0.46263892935598666,0.0
21,0.0,0.0
22,0.0,0.0
23,0.0,0.0
0,0.0,0.0
1,0.0,0.0
2,0.0,0.0
3,0.0,0.0
4,0.0,0.0
5,0.0,0.0
6,0.3542420677489788,0.0
7,0.3600131822653572,20.73799072936236
8,0.0,62.59929197210422
9,0.0,88.528767701903
10,0.0,108.42515421352306
11,0.46311355428321704,64.92704460364857
12,0.5599253320091984,55.096725262166046
13,0.0,120.93254564653083
14,0.0,108.42515421352306
15,0.0,88.528767701903
16,0.0,62.59929197210422
17,0.0,32.403777944627855
18,0.0,1.5332404508505608e-14
19,0.0,0.0
20,0.3769555443835162,0.0
21,0.0,0.0
22,0.3182566446139406,0.0
23,0.0,0.0
0,0.28902537331487915,0.0
1,0.0,0.0
2,0.0,0.0
3,0.0,0.0
4,0.0,0.0
5,0.5293874812436341,0.0
6,0.0,0.0
7,0.0,32.51700875166384
8,0.4508824442290396,34.494486987276716
9,0.0,88.83812001970742
10,0.0,108.80403187820714
11,0.0,121.35512877137127
12,0.0,125.63607418759902
13,0.0,121.35512877137127
14,0.0,108.80403187820714
15,0.0,88.83812001970742
16,0.21745363184181793,49.15802678257877
17,0.0,32.51700875166387
18,0.0,1.5385981611128258e-14
19,0.0,0.0
20,0.0,0.0
21,0.0,0.0
22,0.0,0.0
23,0.0,0.0
0,0.0,0.0
1,0.0,0.0
2,0.0,0.0
3,0.2679694809499184,0.0
4,0.0,0.0
5,0.0,0.0
6,0.0,0.0
7,0.0,32.63038251000884
8,0.0,63.037058376217296
9,0.0,89.14786288775103
10,0.46197913744748254,58.7429405167674
11,0.0,121.77824539775986
12,0.0,126.0741167524346
13,0.0,121.77824539775986
14,0.0,109.18338786729366
15,0.0,89.14786288775103
16,0.0,63.037058376217296
17,0.0,32.63038251000888
18,0.0,1.5439626353619872e-14
19,0.36214230345249165,0.0
20,0.0,0.0
21,0.5867801351558892,0.0
22,0.0,0.0
23,0.0,0.0
0,0.4368049906807762,0.0
1,0.0,0.0
2,0.0,0.0
3,0.0,0.0
4,0.0,0.0
5,0.0,0.0
6,0.0,0.0
7,0.0,32.74386562457145
8,0.0,63.256290918624764
9,0.0,89.4579045225372
10,0.0,109.56310976941587
11,0.0,122.20177014710865
12,0.0,126.51258183724956
13,0.0,122.20177014710865
14,0.42213314240243366,63.31288995106958
15,0.49585517310675575,45.0997397897469
16,0.0,63.256290918624764
17,0.0,32.743865624571484
18,0.0,1.549332283988552e-14
19,0.0,0.0
20,0.0,0.0
21,0.0,0.0
22,0.0,0.0
23,0.0,0.0
0,0.0,0.0
1,0.0,0.0
2,0.34263118997160424,0.0
3,0.0,0.0
4,0.0,0.0
5,0.0,0.0
6,0.0,0.0
7,0.21921858922035842,25.65446623059782
8,0.0,63.47566975768815
9,0.0,89.76815305203831
10,0.5047457159201812,54.44978388328381
11,0.0,122.62557751989394
12,0.49311591343742217,64.34961376814724
13,0.0,122.62557751989394
14,0.0,109.94308506477915
15,0.0,89.76815305203831
16,0.0,63.47566975768815
17,0.0,32.857424467855644
18,0.0,1.554705515849745e-14
19,0.0,0.0
20,0.0,0.0
21,0.0,0.0
22,0.0,0.0
23,0.0,0.0
0,0.0,0.0
1,0.0,0.0
2,0.0,0.0
3,0.0,0.0
4,0.0,0.0
5,0.42872876906393687,0.0
6,0.0,0.0
7,0.0,32.971025389925295
8,0.0,63.69512988672288
9,0.0,90.07851654291936
10,0.0,110.32320115850288
11,0.0,123.04954193284466
12,0.35139140054963025,82.62641797527343
13,0.0,123.04954193284466
14,0.0,110.32320115850291
15,0.0,90.07851654291936
16,0.0,63.69512988672288
17,0.0,32.97102538992533
18,0.0,1.560080738741002e-14
19,0.38216966172577943,0.0
20,0.0,0.0
21,0.43435236452551357,0.0
22,0.5628591038920312,0.0
23,0.0,0.0
0,0.0,0.0
1,0.0,0.0
2,0.0,0.0
3,0.0,0.0
4,0.0,0.0
5,0.0,0.0
6,0.0,0.0
7,0.0,33.08463472837557
8,0.0,63.91460627495635
9,0.0,90.3889030277798
10,0.0,110.70334541398498
11,0.0,123.47353775615538
12,0.0,127.8292125499127
13,0.0,123.47353775615538
14,0.0,110.703345413985
15,0.0,90.3889030277798
16,0.0,63.91460627495635
17,0.0,33.084634728375605
18,0.0,1.5654563598677727e-14
19,0.0,0.0
20,0.0,0.0
21,0.0,0.0
22,0.0,0.0
23,0.0,0.0
0,0.0,0.0
1,0.0,0.0
2,0.0,0.0
3,0.0,0.0
4,0.0,0.0
5,0.0,0.0
6,0.0,0.0
7,0.40043380335524814,19.904529792272896
8,0.0,64.13403388679808
9,0.0,90.6992205324055
10,0.0,111.08340518627831
11,0.4738061687218545,65.19406829750339
12,0.0,128.26806777359616
13,0.0,123.89743935071307
14,0.0,111.08340518627834
15,0.0,90.6992205324055
16,0.5497046238997494,28.87925890988195
17,0.0,33.1982188183076
18,0.0,1.5708307863175028e-14
19,0.0,0.0
20,0.0,0.0
21,0.0,0.0
22,0.0,0.0
23,0.0,0.0
0,0.0,0.0
1,0.0,0.0
2,0.0,0.0
3,0.0,0.0
4,0.0,0.0
5,0.0,0.0
6,0.5813422482138435,0.0
7,0.0,33.3117440023041
8,0.0,64.35334770111099
9,0.0,91.00937710302264
10,0.0,111.46326785547005
11,0.0,124.32112110532672
12,0.0,128.706695402222
13,0.5465942765587903,56.36790785378291
14,0.0,111.46326785547006
15,0.0,91.00937710302264
16,0.0,64.35334770111099
17,0.40404322911223195,19.85235938825315
18,0.0,1.5762024255316453e-14
19,0.0,0.0
20,0.0,0.0
21,0.0,0.0
22,0.0,0.0
23,0.0,0.0
0,0.0,0.0
1,0.5314543421569793,0.0
2,0.31053769977945234,0.0
3,0.5094798650907482,0.0
4,0.0,0.0
5,0.0,0.0
6,0.0,0.0
7,0.0,33.425176640403066
8,0.0,64.57248273047878
9,0.0,91.31928083354556
10,0.26759838500704114,81.91386262327111
11,0.3544758918671606,80.52555465538559
12,0.0,129.14496546095756
13,0.0,124.74445747394864
14,0.0,111.84282086005317
15,0.0,91.31928083354556
16,0.0,64.57248273047878
17,0.0,33.425176640403095
18,0.5698060513284607,6.803817082238592e-15
19,0.5133313068788303,0.0
20,0.0,0.0
21,0.4736847375830202,0.0
22,0.0,0.0
23,0.3233347685740688,0.0
0,0.0,0.0
1,0.0,0.0
2,0.0,0.0
3,0.0,0.0
4,0.0,0.0
5,0.0,0.0
6,0.0,0.0
7,0.0,33.538483120065706
8,0.0,64.79137404046288
9,0.0,91.62883989281069
10,0.0,112.2219517302809
11,0.0,125.16732301287641
12,0.2696137452101889,94.64545805619895
13,0.0,125.16732301287641
14,0.0,112.22195173028094
15,0.0,91.62883989281069
16,0.0,64.79137404046288
17,0.0,33.53848312006574
18,0.0,1.5869309766202353e-14
19,0.0,0.0
20,0.0,0.0
21,0.0,0.0
22,0.0,0.0
23,0.0,0.0
0,0.0,0.0
1,0.0,0.0
2,0.4642417666074328,0.0
3,0.0,0.0
4,0.0,0.0
5,0.0,0.0
6,0.0,0.0
7,0.0,33.65162986613677
8,0.0,65.00995676884409
9,0.0,91.93796255178795
10,0.0,112.60054812149424
11,0.0,125.58959241792472
12,0.0,130.0199135376882
13,0.0,125.58959241792472
14,0.0,112.60054812149424
15,0.0,91.93796255178795
16,0.0,65.00995676884409
17,0.0,33.651629866136815
18,0.0,1.5922847093934548e-14
19,0.3619844940091274,0.0
20,0.0,0.0
21,0.0,0.0
22,0.0,0.0
23,0.0,0.0
0,0.0,0.0
1,0.0,0.0
2,0.0,0.0
3,0.0,0.0
4,0.0,0.0
5,0.46372962431466525,0.0
6,0.0,0.0
7,0.0,33.76458335079348
8,0.5146084325273366,31.66120180841248
9,0.0,92.24655721076202
10,0.0,112.97849784741157
11,0.0,126.01114056155551
12,0.0,130.45633228968526
13,0.0,126.01114056155551
14,0.0,112.9784978474116
15,0.0,92.24655721076202
16,0.0,65.22816614484263
17,0.0,33.76458335079352
18,0.0,1.5976292976706654e-14
19,0.0,0.0
20,0.0,0.0
21,0.0,0.0
22,0.0,0.0
23,0.0,0.0
0,0.0,0.0
1,0.0,0.0
2,0.0,0.0
3,0.0,0.0
4,0.0,0.0
5,0.0,0.0
6,0.0,0.0
7,0.0,33.877310103480596
8,0.0,65.44593750831099
9,0.4642410928902439,49.58691514086298
10,0.26459996517506734,83.36177757449826
11,0.0,126.43184252995606
12,0.0,130.89187501662198
13,0.0,126.43184252995606
14,0.0,113.35568891337235
15,0.0,92.55453242647546
16,0.0,65.44593750831099
17,0.2286687561712304,26.130627739690663
18,0.4308607910842466,9.123091835144045e-15
19,0.0,0.0
20,0.0,0.0
21,0.0,0.0
22,0.0,0.0
23,0.0,0.0
0,0.0,0.0
1,0.3812120458240948,0.0
2,0.0,0.0
3,0.0,0.0
4,0.3152674786883631,0.0
5,0.2634844690718151,0.0
6,0.0,0.0
7,0.0,33.98977672082846
8,0.0,65.66320632889432
9,0.0,92.8617969392252
10,0.0,113.73200954952321
11,0.48361313508495823,65.50448643185459
12,0.0,131.32641265778864
13,0.0,126.85157366005366
14,0.0,113.73200954952321
15,0.0,92.8617969392252
16,0.293628550962475,46.382614202991064
17,0.26800945576888197,24.880195160173436
18,0.0,1.6082847090486534e-14
19,0.0,0.0
20,0.0,0.0
21,0.0,0.0
22,0.0,0.0
23,0.0,0.0
0,0.0,0.0
1,0.0,0.0
2,0.0,0.0
3,0.0,0.0
4,0.5526081470816218,0.0
5,0.0,0.0
6,0.0,0.0
7,0.0,34.101949876551096
8,0.0,65.87990822515201
9,0.28652795366697226,66.47294890137803
10,0.0,114.10734824393808
11,0.0,127.2702095764559
12,0.0,131.75981645030402
13,0.0,127.2702095764559
14,0.2227292406255563,88.69230521976984
15,0.0,93.1682596999048
16,0.0,65.87990822515201
17,0.0,34.10194987655113
18,0.5930345310565206,6.566763774619853e-15
19,0.0,0.0
20,0.3343026065955215,0.0
21,0.0,0.0
22,0.0,0.0
23,0.0,0.0
0,0.0,0.0
1,0.0,0.0
2,0.0,0.0
3,0.0,0.0
4,0.0,0.0
5,0.0,0.0
6,0.0,0.0
7,0.0,34.213796331321596
8,0.0,66.0959789836354
9,0.0,93.47382989698427
10,0.0,114.48159377566127
11,0.29972405407039443,89.41657324053281
12,0.4249953931394229,76.01098482110051
13,0.0,127.68762622830589
14,0.0,114.4815937756613
15,0.0,93.47382989698427
16,0.0,66.0959789836354
17,0.0,34.21379633132163
18,0.0,1.6188845819763974e-14
19,0.5135414191163639,0.0
20,0.0,0.0
21,0.34068002979135653,0.0
22,0.4330099744333521,0.0
23,0.0,0.0
0,0.0,0.0
1,0.0,0.0
2,0.503721562679806,0.0
3,0.27179565874422756,0.0
4,0.0,0.0
5,0.0,0.0
6,0.0,0.0
7,0.0,34.32528294262156
8,0.4752630573624153,34.79601746337224
9,0.0,93.77841698341946
10,0.0,114.85463524766486
11,0.0,128.10369992604103
12,0.0,132.6227091558312
13,0.0,128.10369992604103
14,0.0,114.85463524766489
15,0.0,93.77841698341946
16,0.0,66.3113545779156
17,0.0,34.3252829426216
18,0.0,1.6241597626193904e-14
19,0.42205754908653814,0.0
20,0.39646430837707547,0.0
21,0.28245277809983516,0.0
22,0.0,0.0
23,0.0,0.0
0,0.0,0.0
1,0.0,0.0
2,0.24978249288596863,0.0
3,0.0,0.0
4,0.0,0.0
5,0.0,0.0
6,0.0,0.0
7,0.0,34.43637667456199
8,0.0,66.52597118755577
9,0.0,94.08193070348314
10,0.0,115.22636211970982
11,0.48144678774640287,66.64358112428047
12,0.0,133.05194237511157
13,0.0,128.51830737804514
14,0.0,115.22636211970985
15,0.0,94.08193070348314
16,0.0,66.52597118755577
17,0.0,34.43637667456203
18,0.0,1.6294163535001847e-14
19,0.0,0.0
20,0.0,0.0
21,0.0,0.0
22,0.4321331157131221,0.0
23,0.5420549204258349,0.0
0,0.0,0.0
1,0.0,0.0
2,0.0,0.0
3,0.0,0.0
4,0.0,0.0
5,0.0,0.0
6,0.0,0.0
7,0.0,34.547044607672504
8,0.0,66.73976521702272
9,0.4325220431686476,53.560999006695354
10,0.0,115.59666424110148
11,0.0,128.9313257271822
12,0.0,133.47953043404544
13,0.0,128.9313257271822
14,0.0,115.59666424110151
15,0.0,94.3842811195097
16,0.45453441922949306,36.40424479459057
17,0.575641345998964,14.660337349425667
18,0.0,1.634652796977455e-14
19,0.0,0.0
20,0.0,0.0
21,0.0,0.0
22,0.0,0.0
23,0.0,0.0
0,0.0,0.0
1,0.0,0.0
2,0.0,0.0
3,0.0,0.0
4,0.0,0.0
5,0.0,0.0
6,0.4895211431010973,0.0
7,0.0,34.657253948656106
8,0.0,66.95267331453145
9,0.0,94.6853786385456
10,0.0,115.96543188332942
11,0.0,129.34263258720168
12,0.2679006067156643,98.0320230246656
13,0.4495724198741148,71.1937522620849
14,0.0,115.96543188332942
15,0.0,94.6853786385456
16,0.0,66.95267331453145
17,0.0,34.65725394865614
18,0.4459930103423097,9.084980800372844e-15
19,0.0,0.0
20,0.0,0.0
21,0.0,0.0
22,0.0,0.0
23,0.0,0.0
0,0.0,0.0
1,0.0,0.0
2,0.0,0.0
3,0.0,0.0
4,0.555876106023955,0.0
5,0.0,0.0
6,0.2937534529368192,0.0
7,0.0,34.76697204010655
8,0.0,67.16463239081772
9,0.0,94.98513403889771
10,0.0,116.33255577258258
11,0.0,129.75210607900428
12,0.26016890911430074,99.38096650127129
13,0.0,129.75210607900428
14,0.0,116.3325557725826
15,0.0,94.98513403889771
16,0.4765678972663206,35.15612476166031
17,0.0,34.766972040106594
18,0.0,1.6450590414664712e-14
19,0.0,0.0
20,0.0,0.0
21,0.0,0.0
22,0.0,0.0
23,0.0,0.0
0,0.0,0.0
1,0.2129499362390963,0.0
2,0.3989904224087901,0.0
3,0.0,0.0
4,0.0,0.0
5,0.2597317168965495,0.0
6,0.0,0.0
7,0.0,34.87616637018545
8,0.0,67.3755796378328
9,0.0,95.28345849657168
10,0.0,116.69792712212949
11,0.0,130.15962486675713
12,0.0,134.7511592756656
13,0.0,130.15962486675713
14,0.0,116.69792712212949
15,0.5835445821194987,39.68131252528916
16,0.0,67.3755796378328
17,0.0,34.87616637018549
18,0.0,1.6502257588833907e-14
19,0.0,0.0
20,0.0,0.0
21,0.0,0.0
22,0.5500929337383138,0.0
23,0.0,0.0
0,0.0,0.0
1,0.0,0.0
2,0.0,0.0
3,0.0,0.0
4,0.0,0.0
5,0.46903485481357643,0.0
6,0.5510452881353214,0.0
7,0.0,34.984804582256174
8,0.45373171803689266,36.919789048742594
9,0.0,95.58026361159234
10,0.0,117.06143766455382
11,0.0,130.56506819384853
12,0.0,135.17090509470947
13,0.43487031851074603,73.78619540201232
14,0.0,117.06143766455385
15,0.0,95.58026361159234
16,0.0,67.58545254735473
17,0.0,34.9848045822562
18,0.0,1.6553661626208666e-14
19,0.0,0.0
20,0.0,0.0
21,0.44859912038588917,0.0
22,0.0,0.0
23,0.3052146840994916,0.0
0,0.0,0.0
1,0.0,0.0
2,0.25938688656460285,0.0
3,0.0,0.0
4,0.0,0.0
5,0.0,0.0
6,0.2107312310858448,0.0
7,0.0,35.09285448447189
8,0.0,67.7941889295111
9,0.0,95.87546143419854
10,0.0,117.42297968383674
11,0.0,130.9683159186704
12,0.0,135.5883778590222
13,0.0,130.9683159186704
14,0.0,117.42297968383674
15,0.0,95.87546143419854
16,0.0,67.7941889295111
17,0.0,35.092854484471935
18,0.0,1.6604787294663337e-14
19,0.0,0.0
20,0.0,0.0
21,0.0,0.0
22,0.0,0.0
23,0.0,0.0
0,0.0,0.0
1,0.0,0.0
2,0.4862366266544815,0.0
3,0.0,0.0
4,0.0,0.0
5,0.0,0.0
6,0.0,0.0
7,0.0,35.20028405931467
8,0.0,68.00172693120687
9,0.4039112546393878,57.32523738601254
10,0.0,117.78244604727514
11,0.0,131.3692485502192
12,0.0,136.00345386241375
13,0.0,131.3692485502192
14,0.437835403312165,66.21312127907312
15,0.0,96.16896449090451
16,0.0,68.00172693120687
17,0.0,35.20028405931471
18,0.0,1.6655619444558974e-14
19,0.0,0.0
20,0.596832664910627,0.0
21,0.0,0.0
22,0.0,0.0
23,0.0,0.0
0,0.0,0.0
1,0.5866697375194626,0.0
2,0.0,0.0
3,0.0,0.0
4,0.0,0.0
5,0.0,0.0
6,0.5661019139403731,0.0
7,0.0,35.30706147308295
8,0.0,68.20800505445315
9,0.0,96.46068581042029
10,0.0,118.13973023722764
11,0.0,131.76774728350324
12,0.0,136.41601010890633
13,0.0,131.76774728350324
14,0.0,118.13973023722767
15,0.0,96.46068581042029
16,0.0,68.20800505445315
17,0.0,35.30706147308299
18,0.46950524731578647,8.862521206111883e-15
19,0.0,0.0
20,0.0,0.0
21,0.0,0.0
22,0.0,0.0
23,0.0,0.0
0,0.0,0.0
1,0.0,0.0
2,0.0,0.0
3,0.0,0.0
4,0.0,0.0
5,0.0,0.0
6,0.2046069302958174,0.0
7,0.0,35.41315508532461
8,0.0,68.41296217459018
9,0.0,96.75053894942299
10,0.0,118.49472638267797
11,0.0,132.16369403474758
12,0.0,136.82592434918035
13,0.0,132.16369403474758
14,0.0,118.494726382678
15,0.0,96.75053894942299
16,0.0,68.41296217459018
17,0.0,35.413155085324654
18,0.5936665338169387,6.808662943712927e-15
19,0.0,0.0
20,0.0,0.0
21,0.0,0.0
22,0.0,0.0
23,0.0,0.0
0,0.0,0.0
1,0.0,0.0
2,0.0,0.0
3,0.0,0.0
4,0.33425081250682454,0.0
5,0.0,0.0
6,0.0,0.0
7,0.4377802914587765,19.969219528687997
8,0.0,68.61653755839988
9,0.2909478007397458,68.80531788956473
10,0.0,118.84732929060675
11,0.0,132.5569714763846
12,0.0,137.2330751167998
13,0.0,132.5569714763846
14,0.0,118.84732929060675
15,0.0,97.038438018172
16,0.0,68.61653755839988
17,0.0,35.51853345821266
18,0.0,1.6806204617893715e-14
19,0.0,0.0
20,0.3861092814060513,0.0
21,0.0,0.0
22,0.0,0.0
23,0.0,0.0
0,0.0,0.0
1,0.0,0.0
2,0.0,0.0
3,0.0,0.0
4,0.0,0.0
5,0.0,0.0
6,0.0,0.0
7,0.0,35.62316536586089
8,0.0,68.81867088210258
9,0.0,97.3242977059599
10,0.0,119.19743447716256
11,0.0,132.94746307182078
12,0.5027819447684599,68.43577139923694
13,0.0,132.94746307182078
14,0.0,119.19743447716259
15,0.0,97.3242977059599
16,0.0,68.81867088210258
17,0.0,35.62316536586092
18,0.0,1.6855713003468425e-14
19,0.0,0.0
20,0.0,0.0
21,0.2281046578738875,0.0
22,0.0,0.0
23,0.0,0.0
0,0.0,0.0
1,0.5659946957955582,0.0
2,0.0,0.0
3,0.0,0.0
4,0.0,0.0
5,0.4023823967351249,0.0
6,0.0,0.0
7,0.0,35.72701980357699
8,0.0,69.01930224923203
9,0.0,97.6080333063918
10,0.0,119.54493819862276
11,0.0,133.33505310996878
12,0.0,138.03860449846405
13,0.5735344726989193,56.86280373226043
14,0.0,119.54493819862277
15,0.0,97.6080333063918
16,0.0,69.01930224923203
17,0.0,35.72701980357703
18,0.5807993269385341,7.0865259718209445e-15
19,0.0,0.0
20,0.0,0.0
21,0.0,0.0
22,0.0,0.0
23,0.0,0.0
0,0.0,0.0
1,0.0,0.0
2,0.0,0.0
3,0.0,0.0
4,0.49544334492214975,0.0
5,0.0,0.0
6,0.0,0.0
7,0.0,35.8300659970497
8,0.0,69.21837220838415
9,0.0,97.8895607424858
10,0.0,119.88973748213492
11,0.0,133.7196267395355
12,0.5622873162970962,60.59551892175664
13,0.0,133.7196267395355
14,0.262380136105258,88.43305184394872
15,0.0,97.8895607424858
16,0.26247911353455267,51.049995230822766
17,0.0,35.83006599704974
18,0.3806033217575414,1.0501010705188056e-14
19,0.0,0.0
20,0.0,0.0
21,0.0,0.0
22,0.22541111319922302,0.0
23,0.0,0.0
0,0.35104536178129786,0.0
1,0.0,0.0
2,0.40039518713922395,0.0
3,0.0,0.0
4,0.30516439171035853,0.0
5,0.26907177814691463,0.0
6,0.0,0.0
7,0.0,35.93227341146797
8,0.0,69.4158217708338
9,0.0,98.16879659158674
10,0.0,120.23173015622994
11,0.0,134.1010700030547
12,0.0,138.83164354166763
13,0.0,134.1010700030547
14,0.0,120.23173015622996
15,0.0,98.16879659158674
16,0.0,69.4158217708338
17,0.0,35.932273411468
18,0.0,1.7001972788366957e-14
19,0.0,0.0
20,0.0,0.0
21,0.0,0.0
22,0.5855290417864425,0.0
23,0.0,0.0
0,0.0,0.0
1,0.0,0.0
2,0.0,0.0
3,0.0,0.0
4,0.0,0.0
5,0.0,0.0
6,0.5185833919572791,0.0
7,0.0,36.033611760569066
8,0.0,69.61159242801433
9,0.0,98.44565811008613
10,0.0,120.57081488109776
11,0.0,134.4792698706552
12,0.0,139.22318485602867
13,0.0,134.4792698706552
14,0.0,120.57081488109776
15,0.0,98.44565811008613
16,0.20587689168183926,55.28017415391167
17,0.0,36.0336117605691
18,0.0,1.7049922770103575e-14
19,0.0,0.0
20,0.0,0.0
21,0.2412331152120486,0.0
22,0.0,0.0
23,0.0,0.0
0,0.0,0.0
1,0.0,0.0
2,0.0,0.0
3,0.0,0.0
4,0.2957837667592026,0.0
5,0.0,0.0
6,0.0,0.0
7,0.0,36.13405101561311
8,0.0,69.80562616885489
9,0.0,98.72006325794082
10,0.0,120.90689117861625
11,0.0,134.85411427355396
12,0.39802088215565534,84.04305852339873
13,0.0,134.85411427355396
14,0.0,120.90689117861628
15,0.0,98.72006325794082
16,0.41098306207198027,41.116696176126936
17,0.205394971401184,28.712298640652367
18,0.4467398966238785,9.459335477281836e-15
19,0.0,0.0
20,0.0,0.0
21,0.5425626045422809,0.0
22,0.0,0.0
23,0.0,0.0
0,0.0,0.0
1,0.4970514259984063,0.0
2,0.429377345393721,0.0
3,0.0,0.0
4,0.0,0.0
5,0.0,0.0
6,0.0,0.0
7,0.0,36.233561414281176
8,0.570919938140221,30.03468845749259
9,0.0,98.99193072298341
10,0.0,121.2398594621254
11,0.0,135.22549213726458
12,0.0,139.99573099394098
13,0.2882293135946611,96.24954135804056
14,0.0,121.23985946212541
15,0.0,98.99193072298341
16,0.5593676146092244,30.84332644619278
17,0.0,36.23356141428121
18,0.0,1.7144532385602375e-14
19,0.0,0.0
20,0.0,0.0
21,0.0,0.0
22,0.0,0.0
23,0.3044118853282095,0.0
0,0.0,0.0
1,0.0,0.0
2,0.0,0.0
3,0.0,0.0
4,0.28888543297796726,0.0
5,0.0,0.0
6,0.0,0.0
7,0.0,36.33211346949452
8,0.0,70.18825344769937
9,0.0,99.26117994501662
10,0.0,121.56962106593674
11,0.0,135.59329341451112
12,0.4959677201256561,70.75429081128439
13,0.0,135.59329341451112
14,0.0,121.56962106593674
15,0.0,99.26117994501662
16,0.0,70.18825344769937
17,0.0,36.332113469494566
18,0.0,1.7191163984493644e-14
19,0.0,0.0
20,0.0,0.0
21,0.0,0.0
22,0.0,0.0
23,0.38068970755871895,0.0
0,0.0,0.0
1,0.0,0.0
2,0.0,0.0
3,0.0,0.0
4,0.0,0.0
5,0.0,0.0
6,0.0,0.0
7,0.0,36.42967797815228
8,0.0,70.37673360498282
9,0.0,99.52773113968507
10,0.0,121.89607827457023
11,0.0,135.95740911783736
12,0.0,140.75346720996563
13,0.0,135.95740911783736
14,0.0,121.89607827457026
15,0.0,99.52773113968507
16,0.0,70.37673360498282
17,0.2897383995321964,25.874601385289157
18,0.0,1.7237328308757636e-14
19,0.0,0.0
20,0.0,0.0
21,0.382630718481895,0.0
22,0.0,0.0
23,0.0,0.0
0,0.0,0.0
1,0.0,0.0
2,0.0,0.0
3,0.0,0.0
4,0.0,0.0
5,0.0,0.0
6,0.0,0.0
7,0.30867995549733457,25.2513122044253
8,0.0,70.56325011808246
9,0.0,99.79150532211715
10,0.5619410710319992,53.53918309350603
11,0.0,136.317731351902
12,0.0,141.12650023616496
13,0.0,136.317731351902
14,0.0,122.21913435170944
15,0.5533009858670939,44.576767046228376
16,0.0,70.56325011808246
17,0.0,36.52622602978492
18,0.0,1.728301167890876e-14
19,0.0,0.0
20,0.0,0.0
21,0.0,0.0
22,0.0,0.0
23,0.0,0.0
0,0.25247783110186167,0.0
1,0.0,0.0
2,0.0,0.0
3,0.0,0.0
4,0.0,0.0
5,0.0,0.0
6,0.0,0.0
7,0.0,36.621729015120984
8,0.0,70.74774771813016
9,0.0,100.05242433032987
10,0.0,122.53869356886652
11,0.0,136.67415334545083
12,0.0,141.4954954362603
13,0.2410943929015731,103.72278131929288
14,0.0,122.53869356886655
15,0.0,100.05242433032987
16,0.3525942916087939,45.802495728538396
17,0.0,36.62172901512102
18,0.0,1.7328200557978515e-14
19,0.0,0.0
20,0.0,0.0
21,0.0,0.0
22,0.0,0.0
23,0.4772220813862026,0.0
0,0.0,0.0
1,0.0,0.0
2,0.3274733916554524,0.0
3,0.0,0.0
4,0.0,0.0
5,0.0,0.0
6,0.0,0.0
7,0.0,36.7161586345649
8,0.490360363386687,36.148826947693124
9,0.0,100.31041084839005
10,0.0,122.85466123374891
11,0.0,137.02656948295495
12,0.0,141.86034346901045
13,0.0,137.02656948295495
14,0.0,122.85466123374891
15,0.5187505777845598,48.27432726298113
16,0.0,70.9301717345052
17,0.0,36.716158634564934
18,0.0,1.7372881555526778e-14
19,0.0,0.0
20,0.0,0.0
21,0.0,0.0
22,0.0,0.0
23,0.0,0.0
0,0.0,0.0
1,0.0,0.0
2,0.42746696109279814,0.0
3,0.0,0.0
4,0.0,0.0
5,0.0,0.0
6,0.40360735224156274,0.0
7,0.0,36.80948690658242
8,0.0,71.11046811103452
9,0.0,100.56538842932451
10,0.0,123.16694371831821
11,0.0,137.37487533590695
12,0.0,142.22093622206904
13,0.0,137.37487533590695
14,0.0,123.16694371831824
15,0.3387421622679396,66.49965130345988
16,0.0,71.11046811103452
17,0.0,36.80948690658246
18,0.0,1.7417041431609668e-14
19,0.0,0.0
20,0.32690486303720623,0.0
21,0.0,0.0
22,0.0,0.0
23,0.0,0.0
0,0.0,0.0
1,0.0,0.0
2,0.0,0.0
3,0.0,0.0
4,0.0,0.0
5,0.0,0.0
6,0.0,0.0
7,0.0,36.90168617599236
8,0.0,71.2885834220106
9,0.0,100.81728151777321
10,0.4405147198658567,69.08269588617786
11,0.0,137.71896769376553
12,0.24021846085937706,108.32749927105985
13,0.0,137.71896769376553
14,0.3610276497190549,78.89739752143488
15,0.0,100.81728151777321
16,0.0,71.2885834220106
17,0.0,36.9016861759924
18,0.0,1.7460667100702877e-14
19,0.0,0.0
20,0.0,0.0
21,0.0,0.0
22,0.0,0.0
23,0.0,0.0
0,0.0,0.0
1,0.3526399062921019,0.0
2,0.0,0.0
3,0.0,0.0
4,0.3877113935665065,0.0
5,0.26167276819546526,0.0
6,0.0,0.0
7,0.0,36.99272912216137
8,0.5772880183578183,30.20888556981424
9,0.0,101.06601547237771
10,0.0,123.78008412177759
11,0.0,138.05874459453912
12,0.0,142.92892977604563
13,0.3115700279134842,95.04377768751797
14,0.0,123.78008412177759
15,0.0,101.06601547237771
16,0.0,71.46446488802282
17,0.0,36.992729122161414
18,0.0,1.7503745635579112e-14
19,0.4800576776625914,0.0
20,0.0,0.0
21,0.0,0.0
22,0.32764702761613135,0.0
23,0.0,0.0
0,0.0,0.0
1,0.2030338768113333,0.0
2,0.0,0.0
3,0.0,0.0
4,0.5936238954202703,0.0
5,0.46323241179337055,0.0
6,0.0,0.0
7,0.5851092398828528,15.385223440693562
8,0.0,71.63806039159691
9,0.0,101.31151658789919
10,0.0,124.08076035393343
11,0.0,138.39410535499886
12,0.0,143.27612078319382
13,0.0,138.39410535499886
14,0.0,124.08076035393344
15,0.470546470862505,53.63973999973509
16,0.2797939945047145,51.594161316062035
17,0.0,37.08258876709969
18,0.0,1.7546264271138787e-14
19,0.0,0.0
20,0.0,0.0
21,0.0,0.0
22,0.41046590179506537,0.0
23,0.5716680333707499,0.0
0,0.0,0.0
1,0.5881965291861655,0.0
2,0.0,0.0
3,0.0,0.0
4,0.0,0.0
5,0.0,0.0
6,0.3945077504078486,0.0
7,0.22898596128796875,28.65954670705677
8,0.0,71.8093184926387
9,0.0,101.55371211705875
10,0.0,124.37738808614557
11,0.0,138.7249506005138
12,0.0,143.6186369852774
13,0.4536055110805142,75.79854848374869
14,0.5544146226571885,55.42074540327849
15,0.23978218021361883,77.2029416168442
16,0.0,71.8093184926387
17,0.0,37.17123848345511
18,0.0,1.758821040819256e-14
19,0.0,0.0
20,0.0,0.0
21,0.0,0.0
22,0.0,0.0
23,0.0,0.0
0,0.2763132126115993,0.0
1,0.0,0.0
2,0.21121464848009525,0.0
3,0.0,0.0
4,0.0,0.0
5,0.0,0.0
6,0.0,0.0
7,0.0,37.25865200240343
8,0.0,71.97818844367674
9,0.0,101.79253029209407
10,0.0,124.66987942121516
11,0.0,139.05118229449747
12,0.3796705673220925,89.30037760489904
13,0.0,139.05118229449747
14,0.0,124.66987942121519
15,0.0,101.79253029209407
16,0.0,71.97818844367674
17,0.0,37.25865200240347
18,0.0,1.7629571617194755e-14
19,0.0,0.0
20,0.0,0.0
21,0.0,0.0
22,0.0,0.0
23,0.24974551404891018,0.0
0,0.0,0.0
1,0.0,0.0
2,0.44365867874083026,0.0
3,0.0,0.0
4,0.0,0.0
5,0.511973195552818,0.0
6,0.0,0.0
7,0.2114017777393824,29.450045588813932
8,0.0,72.14462020490011
9,0.0,102.02790034602576
10,0.0,124.95814768764717
11,0.44236615859539685,77.71893618879359
12,0.0,144.28924040980021
13,0.0,139.37270376745832
14,0.0,124.9581476876472
15,0.0,102.02790034602576
16,0.0,72.14462020490011
17,0.0,37.34480342143259
18,0.0,1.7670335641926482e-14
19,0.0,0.0
20,0.0,0.0
21,0.0,0.0
22,0.4008337942286781,0.0
23,0.0,0.0
0,0.0,0.0
1,0.4570266339620373,0.0
2,0.0,0.0
3,0.4159565542908403,0.0
4,0.0,0.0
5,0.0,0.0
6,0.0,0.0
7,0.0,37.42966721201767
8,0.3390263042255794,47.79405908659891
9,0.0,102.25975253362719
10,0.0,125.24210746533296
11,0.0,139.68941974564487
12,0.0,144.61712891797205
13,0.24195201710613443,105.8912828698006
14,0.26441558532484577,92.12614231256973
15,0.0,102.25975253362719
16,0.0,72.30856445898603
17,0.0,37.42966721201771
18,0.0,1.7710490403127462e-14
19,0.0,0.0
20,0.0,0.0
21,0.0,0.0
22,0.0,0.0
23,0.0,0.0
0,0.0,0.0
1,0.0,0.0
2,0.0,0.0
3,0.0,0.0
4,0.39040624970899074,0.0
5,0.3125171246710764,0.0
6,0.5816377071008297,0.0
7,0.0,37.51321822718612
8,0.22558281540894162,56.121992168196336
9,0.0,102.48801815209137
10,0.3890506533190236,76.68738509780823
11,0.0,140.0012363792775
12,0.0,144.93994525142756
13,0.3615615163437294,89.38217706398905
14,0.31146709946047274,86.42580270039556
15,0.0,102.48801815209137
16,0.0,72.46997262571377
17,0.0,37.51321822718616
18,0.0,1.7750024002075337e-14
19,0.0,0.0
20,0.5859594467459561,0.0
21,0.0,0.0
22,0.0,0.0
23,0.0,0.0
0,0.0,0.0
1,0.0,0.0
2,0.3273532982100774,0.0
3,0.0,0.0
4,0.0,0.0
5,0.0,0.0
6,0.0,0.0
7,0.0,37.59543170896894
8,0.0,72.62879687636011
9,0.0,102.71262956138918
10,0.0,125.7967662824555
11,0.0,140.3080612703581
12,0.0,145.25759375272023
13,0.0,140.3080612703581
14,0.26625135048170095,92.3032073735208
15,0.0,102.71262956138918
16,0.0,72.62879687636011
17,0.0,37.595431708968974
18,0.0,1.778892472411154e-14
19,0.0,0.0
20,0.0,0.0
21,0.0,0.0
22,0.0,0.0
23,0.0,0.0
0,0.0,0.0
1,0.0,0.0
2,0.4394086010680875,0.0
3,0.0,0.0
4,0.0,0.0
5,0.36130416653519043,0.0
6,0.0,0.0
7,0.0,37.67628329573714
8,0.0,72.78499014787185
9,0.0,102.93352020431249
10,0.0,126.06730096451422
11,0.0,140.60980350004962
12,0.0,145.5699802957437
13,0.0,140.60980350004962
14,0.0,126.06730096451422
15,0.0,102.93352020431249
16,0.0,72.78499014787185
17,0.209435383426557,29.785536457606884
18,0.44832169953093914,9.83486893946693e-15
19,0.0,0.0
20,0.46731551787319486,0.0
21,0.0,0.0
22,0.5062276296067837,0.0
23,0.0,0.0
0,0.0,0.0
1,0.0,0.0
2,0.46089413294378906,0.0
3,0.5859383659757067,0.0
4,0.0,0.0
5,0.0,0.0
6,0.0,0.0
7,0.0,37.755749029420684
8,0.0,72.93850615681173
9,0.0,103.15062462619663
10,0.21205925330173045,99.54307475238853
11,0.4047065870030888,83.88063608647047
12,0.0,145.87701231362345
13,0.0,140.90637365561733
14,0.0,126.33319849177329
15,0.0,103.15062462619663
16,0.0,72.93850615681173
17,0.0,37.75574902942073
18,0.0,1.78647816199058e-14
19,0.0,0.0
20,0.0,0.0
21,0.0,0.0
22,0.0,0.0
23,0.0,0.0
0,0.0,0.0
1,0.4112812123986601,0.0
2,0.5897510357917952,0.0
3,0.4792842009482669,0.0
4,0.0,0.0
5,0.44614302753988333,0.0
6,0.0,0.0
7,0.24883878964755157,28.419287028415305
8,0.2862980784820871,52.163973433508346
9,0.0,103.36387849431591
10,0.0,126.59438007305677
11,0.0,141.19768385692356
12,0.0,146.17859882614624
13,0.0,141.19768385692356
14,0.0,126.59438007305678
15,0.0,103.36387849431591
16,0.0,73.0892994130731
17,0.0,37.83380536260768
18,0.32376850611752483,1.210570369094625e-14
19,0.0,0.0
20,0.0,0.0
21,0.0,0.0
22,0.27364230460392347,0.0
23,0.0,0.0
0,0.0,0.0
1,0.0,0.0
2,0.0,0.0
3,0.5960093415400777,0.0
4,0.0,0.0
5,0.0,0.0
6,0.0,0.0
7,0.0,37.91042916552188
8,0.0,73.23732523335985
9,0.0,103.57321861694679
10,0.0,126.85076831462545
11,0.42337634056581547,81.58281873442435
12,0.0,146.4746504667197
13,0.0,141.48364778246872
14,0.0,126.85076831462545
15,0.0,103.57321861694679
16,0.3376821263156959,48.506389522884724
17,0.0,37.910429165521926
18,0.0,1.7937971185029565e-14
19,0.0,0.0
20,0.0,0.0
21,0.0,0.0
22,0.0,0.0
23,0.0,0.0
0,0.0,0.0
1,0.0,0.0
2,0.0,0.0
3,0.0,0.0
4,0.2421959404178892,0.0
5,0.3444348113324752,0.0
6,0.0,0.0
7,0.0,37.98559773287696
8,0.0,73.38253975442667
9,0.31838919292273915,70.7366036901267
10,0.0,127.10228724310996
11,0.0,141.76418069497
12,0.0,146.76507950885335
13,0.0,141.76418069497
14,0.2722370900981883,92.50033041922163
15,0.2881579911689408,73.87395496937702
16,0.0,73.38253975442667
17,0.0,37.985597732877004
18,0.0,1.7973538484712407e-14
19,0.0,0.0
20,0.0,0.0
21,0.0,0.0
22,0.3059712372461222,0.0
23,0.5670697630299617,0.0
0,0.0,0.0
1,0.5556394240742946,0.0
2,0.0,0.0
3,0.22149754894185844,0.0
4,0.0,0.0
5,0.0,0.0
6,0.0,0.0
7,0.0,38.05928879060407
8,0.0,73.52489994607703
9,0.47609828351506633,54.47525368303678
10,0.0,127.34886232802359
11,0.0,142.03919946647105
12,0.0,147.04979989215406
13,0.0,142.03919946647105
14,0.0,127.34886232802361
15,0.0,103.97991067586698
16,0.0,73.52489994607703
17,0.0,38.059288790604114
18,0.0,1.8008406675318524e-14
19,0.5051136299502579,0.0
20,0.0,0.0
21,0.0,0.0
22,0.0,0.0
23,0.5320500680108124,0.0
0,0.0,0.0
1,0.0,0.0
2,0.0,0.0
3,0.0,0.0
4,0.0,0.0
5,0.0,0.0
6,0.4620280012008806,0.0
7,0.0,38.13148050245244
8,0.3946237726125613,44.594654543541374
9,0.0,104.1771421005221
10,0.2866751439120051,91.01341834411357
11,0.0,142.30862260297457
12,0.0,147.32872724782752
13,0.0,142.30862260297457
14,0.0,127.59042050384724
15,0.4494161040792848,57.35825676359142
16,0.0,73.66436362391376
17,0.0,38.13148050245249
18,0.0,1.804256542465054e-14
19,0.0,0.0
20,0.0,0.0
21,0.0,0.0
22,0.0,0.0
23,0.0,0.0
0,0.0,0.0
1,0.0,0.0
2,0.0,0.0
3,0.0,0.0
4,0.0,0.0
5,0.0,0.0
6,0.39927746312112145,0.0
7,0.0,38.20215147645982
8,0.0,73.80088946183918
9,0.0,104.3702187921306
10,0.0,127.82689019168002
11,0.0,142.57237026859045
12,0.0,147.60177892367838
13,0.0,142.57237026859045
14,0.0,127.82689019168002
15,0.5724795890857419,44.6203988252227
16,0.0,73.80088946183918
17,0.0,38.20215147645985
18,0.0,1.8076004610733797e-14
19,0.0,0.0
20,0.0,0.0
21,0.0,0.0
22,0.0,0.0
23,0.0,0.0
0,0.0,0.0
1,0.0,0.0
2,0.0,0.0
3,0.0,0.0
4,0.0,0.0
5,0.0,0.0
6,0.0,0.0
7,0.0,38.271280771291394
8,0.0,73.93443700430115
9,0.0,104.55908353790193
10,0.0,128.05820132045008
11,0.0,142.83036430919333
12,0.0,147.8688740086023
13,0.0,142.83036430919333
14,0.0,128.05820132045008
15,0.21556336445282442,82.01997570636784
16,0.0,73.93443700430115
17,0.0,38.27128077129144
18,0.25033393993040004,1.3575488520810593e-14
19,0.0,0.0
20,0.0,0.0
21,0.0,0.0
22,0.0,0.0
23,0.0,0.0
0,0.0,0.0
1,0.0,0.0
2,0.5966383854545152,0.0
3,0.0,0.0
4,0.0,0.0
5,0.2053203281901571,0.0
6,0.0,0.0
7,0.0,38.338847902445195
8,0.0,74.06496667828056
9,0.0,104.74368037313575
10,0.0,128.28428534767784
11,0.0,143.08252827558096
12,0.4133857885530431,86.8951240476494
13,0.0,143.08252827558096
14,0.0,128.28428534767787
15,0.0,104.74368037313575
16,0.0,74.06496667828056
17,0.0,38.33884790244523
18,0.0,1.8140684874302334e-14
19,0.0,0.0
20,0.0,0.0
21,0.5061453328146581,0.0
22,0.0,0.0
23,0.0,0.0
0,0.0,0.0
1,0.0,0.0
2,0.27765328357290725,0.0
3,0.0,0.0
4,0.0,0.0
5,0.0,0.0
6,0.0,0.0
7,0.5099365934231216,18.8208032146643
8,0.0,74.19243980501801
9,0.0,104.92395459780596
10,0.0,128.50507527978678
11,0.0,143.328787446128
12,0.0,148.38487961003605
13,0.0,143.328787446128
14,0.0,128.50507527978678
15,0.0,104.92395459780596
16,0.5114813938908771,36.24438727738241
17,0.0,38.404832848322066
18,0.45777592433825165,9.853245359849463e-15
19,0.0,0.0
20,0.0,0.0
21,0.0,0.0
22,0.0,0.0
23,0.0,0.0
0,0.0,0.0
1,0.0,0.0
2,0.5716252049253039,0.0
3,0.0,0.0
4,0.36894397395047085,0.0
5,0.0,0.0
6,0.46276208722593964,0.0
7,0.0,38.469216056158366
8,0.0,74.31681861147493
9,0.0,105.0998527927691
10,0.40923851702496783,76.04311683187535
11,0.0,143.5690688489275
12,0.0,148.63363722294986
13,0.3891855146283142,87.69406690424977
14,0.0,128.7205056919549
15,0.0,105.0998527927691
16,0.0,74.31681861147493
17,0.0,38.46921605615841
18,0.0,1.820237080707144e-14
19,0.0,0.0
20,0.0,0.0
21,0.0,0.0
22,0.0,0.0
23,0.0,0.0
0,0.0,0.0
1,0.0,0.0
2,0.0,0.0
3,0.0,0.0
4,0.0,0.0
5,0.4320415847663665,0.0
6,0.0,0.0
7,0.5305108870071127,18.090344383328166
8,0.0,74.43806624152661
9,0.3844742383627162,64.79721116694326
10,0.0,128.93051274750178
11,0.5183604937860657,69.26135102207715
12,0.42059051213102394,86.26024367791972
13,0.0,143.80330128341402
14,0.0,128.93051274750178
15,0.0,105.2713228355938
16,0.0,74.43806624152661
17,0.0,38.53197844782026
18,0.0,1.8232067911480847e-14
19,0.4268684299588158,0.0
20,0.0,0.0
21,0.0,0.0
22,0.0,0.0
23,0.26946755027642627,0.0
0,0.0,0.0
1,0.0,0.0
2,0.2806288051411717,0.0
3,0.0,0.0
4,0.0,0.0
5,0.0,0.0
6,0.4568877202374704,0.0
7,0.0,38.59310142545641
8,0.0,74.55614676688359
9,0.0,105.43831391600575
10,0.0,129.13503421680448
11,0.0,144.03141534146215
12,0.0,149.11229353376717
13,0.0,144.03141534146215
14,0.0,129.13503421680448
15,0.0,105.43831391600575
16,0.5788832779360882,31.396840136185926
17,0.42366079566041615,22.24271736854443
18,0.5825848058767555,7.622414393109907e-15
19,0.5908350064006622,0.0
20,0.0,0.0
21,0.0,0.0
22,0.0,0.0
23,0.0,0.0
0,0.0,0.0
1,0.0,0.0
2,0.5930933576071207,0.0
3,0.0,0.0
4,0.0,0.0
5,0.0,0.0
6,0.0,0.0
7,0.29310451647270375,27.323324952094808
8,0.5338420144994845,34.80849468143568
9,0.0,105.60077655094392
10,0.0,129.33400949573772
11,0.0,144.2533434279535
12,0.0,149.34205039547558
13,0.0,144.2533434279535
14,0.3002203206902684,90.50531168876914
15,0.3388070257617439,69.8224915295881
16,0.0,74.67102519773779
17,0.0,38.65256687700957
18,0.0,1.828912639949219e-14
19,0.0,0.0
20,0.0,0.0
21,0.0,0.0
22,0.0,0.0
23,0.0,0.0
0,0.3668391367878742,0.0
1,0.0,0.0
2,0.0,0.0
3,0.0,0.0
4,0.0,0.0
5,0.0,0.0
6,0.0,0.0
7,0.42796928496570963,22.143513297813648
8,0.0,74.78266749313086
9,0.0,105.75866259922326
10,0.0,129.52737962363216
11,0.0,144.46901978080618
12,0.0,149.56533498626175
13,0.3219653585065026,97.9550000339959
14,0.0,129.52737962363219
15,0.2677521231799281,77.44155614361159
16,0.0,74.78266749313086
17,0.0,38.71035718158295
18,0.0,1.8316470875432712e-14
19,0.0,0.0
20,0.38113027603896077,0.0
21,0.0,0.0
22,0.0,0.0
23,0.38713647653846883,0.0
0,0.0,0.0
1,0.0,0.0
2,0.31602452103907774,0.0
3,0.0,0.0
4,0.0,0.0
5,0.5385718725423237,0.0
6,0.0,0.0
7,0.0,38.76645521466209
8,0.37283258838212147,46.96922006830947
9,0.0,105.91192527580027
10,0.0,129.71508730074558
11,0.0,144.67838049046236
12,0.3235774653405433,101.31597497269588
13,0.0,144.67838049046236
14,0.0,129.7150873007456
15,0.0,105.91192527580027
16,0.0,74.89104057104126
17,0.0,38.76645521466213
18,0.0,1.8343014624028054e-14
19,0.0,0.0
20,0.0,0.0
21,0.0,0.0
22,0.0,0.0
23,0.0,0.0
0,0.4437516134338374,0.0
1,0.433775189972917,0.0
2,0.24813324987610322,0.0
3,0.0,0.0
4,0.0,0.0
5,0.0,0.0
6,0.3270828908190091,0.0
7,0.4597161661948499,20.974274618694064
8,0.0,74.99611231818713
9,0.0,106.06051916563618
10,0.33434359867493935,86.4668207553882
11,0.0,144.8813635188254
12,0.0,149.99222463637426
13,0.0,144.8813635188254
14,0.0,129.89707690524227
15,0.5416274009530904,48.61523582621724
16,0.5751376559889021,31.863024071224558
17,0.0,38.82084435318923
18,0.0,1.836874977979265e-14
19,0.0,0.0
20,0.2809642341956069,0.0
21,0.0,0.0
22,0.0,0.0
23,0.0,0.0
0,0.0,0.0
1,0.23178927421838386,0.0
2,0.0,0.0
3,0.0,0.0
4,0.0,0.0
5,0.0,0.0
6,0.0,0.0
7,0.0,38.87350848048861
8,0.0,75.09785159954211
9,0.0,106.2044002371545
10,0.0,130.07329450967464
11,0.35118449962860765,94.1287959374728
12,0.0,150.19570319908425
13,0.4964900187987028,73.048175091144
14,0.2085271674688643,102.94947884222883
15,0.2855096627779354,75.88201773991163
16,0.0,75.09785159954211
17,0.0,38.87350848048865
18,0.0,1.8393668716844443e-14
19,0.0,0.0
20,0.4305218418786122,0.0
21,0.0,0.0
22,0.0,0.0
23,0.0,0.0
0,0.0,0.0
1,0.0,0.0
2,0.0,0.0
3,0.0,0.0
4,0.0,0.0
5,0.0,0.0
6,0.0,0.0
7,0.0,38.92443199104289
8,0.0,75.19622826756148
9,0.0,106.34352585528855
10,0.0,130.2436878969635
11,0.2825336801624997,104.22486710631655
12,0.0,150.39245653512296
13,0.0,145.26795784633146
14,0.0,130.2436878969635
15,0.5163216306238094,51.43606317940073
16,0.5621081466225832,32.92781576307379
17,0.5133770594943454,18.94152155299368
18,0.0,1.8417764051164575e-14
19,0.0,0.0
20,0.0,0.0
21,0.2830105664168717,0.0
22,0.0,0.0
23,0.0,0.0
0,0.43185457198225563,0.0
1,0.4204646283341338,0.0
2,0.0,0.0
3,0.0,0.0
4,0.3193146643840495,0.0
5,0.0,0.0
6,0.0,0.0
7,0.0,38.97359979511681
8,0.3476239261861766,49.11818604125183
9,0.0,106.47785479411509
10,0.0,130.40820657587076
11,0.0,145.45145458923193
12,0.5811572004587375,63.070365010895834
13,0.0,145.45145458923193
14,0.3152466154383292,89.29746082744505
15,0.0,106.47785479411509
16,0.0,75.2912131711153
17,0.3250498323692306,26.305237714888634
18,0.0,1.8441028642785483e-14
19,0.2974029196084852,0.0
20,0.0,0.0
21,0.0,0.0
22,0.0,0.0
23,0.0,0.0
0,0.0,0.0
1,0.0,0.0
2,0.0,0.0
3,0.0,0.0
4,0.0,0.0
5,0.0,0.0
6,0.47887367148574955,0.0
7,0.5598950960914446,17.173332277355644
8,0.4317908923729158,42.833181111088905
9,0.0,106.6073472490705
10,0.0,130.56680179596128
11,0.0,145.62834457229937
12,0.0,150.76555632825355
13,0.0,145.62834457229937
14,0.0,130.56680179596128
15,0.0,106.6073472490705
16,0.0,75.38277816412676
17,0.48824486792079125,19.969195639011474
18,0.0,1.846345559790657e-14
19,0.5317620166530409,0.0
20,0.5213831324993428,0.0
21,0.0,0.0
22,0.0,0.0
23,0.0,0.0
0,0.0,0.0
1,0.32956243127754176,0.0
2,0.0,0.0
3,0.0,0.0
4,0.0,0.0
5,0.0,0.0
6,0.0,0.0
7,0.0,39.066610530468644
8,0.0,75.47089611391227
9,0.0,106.73196484874568
10,0.27725601195501537,94.47667966840851
11,0.0,145.79857537921433
12,0.0,150.94179222782455
13,0.0,145.79857537921433
14,0.0,130.71942656204862
15,0.0,106.73196484874568
16,0.0,75.47089611391227
17,0.0,39.06661053046868
18,0.0,1.848503827093702e-14
19,0.5285705742399857,0.0
20,0.5769936795719545,0.0
21,0.0,0.0
22,0.0,0.0
23,0.5842732724650406,0.0
0,0.0,0.0
1,0.0,0.0
2,0.40488362853726,0.0
3,0.0,0.0
4,0.0,0.0
5,0.5668894173459875,0.0
6,0.0,0.0
7,0.0,39.11042590065834
8,0.0,75.55554090922156
9,0.0,106.85167066625637
10,0.0,130.86603564812057
11,0.0,145.9620965669147
12,0.0,151.11108181844315
13,0.0,145.9620965669147
14,0.0,130.86603564812057
15,0.0,106.85167066625637
16,0.0,75.55554090922156
17,0.5099064432997766,19.167767733714204
18,0.42188056714941413,1.0698545410911994e-14
19,0.0,0.0
20,0.0,0.0
21,0.0,0.0
22,0.0,0.0
23,0.0,0.0
0,0.0,0.0
1,0.20670112771605456,0.0
2,0.0,0.0
3,0.0,0.0
4,0.0,0.0
5,0.0,0.0
6,0.0,0.0
7,0.0,39.152430450358196
8,0.0,75.63668746797505
9,0.0,106.96642923018541
10,0.0,131.00658561074093
11,0.44426254514087515,81.2037231857829
12,0.0,151.2733749359501
13,0.0,146.1188596805436
14,0.0,131.00658561074096
15,0.0,106.96642923018541
16,0.0,75.63668746797505
17,0.0,39.15243045035824
18,0.47838063894727095,9.663335338103565e-15
19,0.0,0.0
20,0.0,0.0
21,0.0,0.0
22,0.0,0.0
23,0.0,0.0
0,0.0,0.0
1,0.0,0.0
2,0.0,0.0
3,0.0,0.0
4,0.0,0.0
5,0.41887334855466474,0.0
6,0.0,0.0
7,0.0,39.19261173271359
8,0.0,75.714311744696
9,0.0,107.07620653509363
10,0.0,131.14103480192247
11,0.0,146.26881826780723
12,0.0,151.42862348939204
13,0.0,146.26881826780723
14,0.0,131.14103480192247
15,0.0,107.07620653509363
16,0.49217807441940176,38.44938758420123
17,0.0,39.19261173271364
18,0.0,1.854465790555737e-14
19,0.0,0.0
20,0.0,0.0
21,0.0,0.0
22,0.0,0.0
23,0.37646900589214977,0.0
0,0.0,0.0
1,0.49778127971434605,0.0
2,0.0,0.0
3,0.0,0.0
4,0.0,0.0
5,0.0,0.0
6,0.0,0.0
7,0.22676262809100872,30.334842738558145
8,0.0,75.78839073763604
9,0.0,107.18097005159635
10,0.5414881595598829,60.18854822720265
11,0.3826192235314714,90.39190972667389
12,0.0,151.5767814752721
13,0.0,146.41192789273975
14,0.0,131.26934338146816
15,0.0,107.18097005159635
16,0.0,75.78839073763604
17,0.5848288128717165,16.287563339087153
18,0.5488854993369457,8.373949166809722e-15
19,0.0,0.0
20,0.0,0.0
21,0.3218867067685575,0.0
22,0.0,0.0
23,0.5385151903165846,0.0
0,0.0,0.0
1,0.0,0.0
2,0.0,0.0
3,0.27286995983549883,0.0
4,0.22804380204174424,0.0
5,0.0,0.0
6,0.3517262465943313,0.0
7,0.0,39.26745741286805
8,0.0,75.85890249559073
9,0.5362886062477921,49.74727769646859
10,0.0,131.39147332877664
11,0.0,146.5481461488707
12,0.0,151.71780499118148
13,0.0,146.5481461488707
14,0.46656518869133184,70.08878578270391
15,0.0,107.28068873600267
16,0.0,75.85890249559073
17,0.0,39.26745741286809
18,0.0,1.8580072425611276e-14
19,0.48036141578398145,0.0
20,0.0,0.0
21,0.0,0.0
22,0.0,0.0
23,0.0,0.0
0,0.0,0.0
1,0.0,0.0
2,0.0,0.0
3,0.39371068570113066,0.0
4,0.0,0.0
5,0.0,0.0
6,0.0,0.0
7,0.0,39.3020996322768
8,0.0,75.92582612440448
9,0.0,107.37533303951429
10,0.32099162178628227,89.29461855734593
11,0.28275853488810543,105.20313670836671
12,0.0,151.85165224880902
13,0.0,146.6774326717911
14,0.5832438566791247,54.80651203033467
15,0.0,107.37533303951429
16,0.0,75.92582612440448
17,0.0,39.30209963227684
18,0.5177373635482792,8.968379751134059e-15
19,0.0,0.0
20,0.0,0.0
21,0.0,0.0
22,0.0,0.0
23,0.41633303032220303,0.0
0,0.0,0.0
1,0.0,0.0
2,0.0,0.0
3,0.0,0.0
4,0.4362169457425737,0.0
5,0.0,0.0
6,0.4149177150122324,0.0
7,0.0,39.33487423413235
8,0.0,75.98914179316174
9,0.0,107.46487491698151
10,0.0,131.61705440931175
11,0.0,146.79974915111387
12,0.0,151.9782835863235
13,0.26535222533101205,107.84610903583145
14,0.0,131.61705440931175
15,0.0,107.46487491698151
16,0.0,75.98914179316174
17,0.41850100843383387,22.873189700529956
18,0.0,1.861197185338998e-14
19,0.0,0.0
20,0.0,0.0
21,0.0,0.0
22,0.0,0.0
23,0.0,0.0
0,0.38049727455297855,0.0
1,0.0,0.0
2,0.0,0.0
3,0.0,0.0
4,0.41675678309008934,0.0
5,0.0,0.0
6,0.0,0.0
7,0.0,39.36577150661285
8,0.0,76.04883074006335
9,0.0,107.54928783521353
10,0.0,131.72043869799558
11,0.0,146.91505934182635
12,0.0,152.0976614801267
13,0.0,146.91505934182635
14,0.0,131.7204386979956
15,0.0,107.54928783521353
16,0.0,76.04883074006335
17,0.0,39.365771506612894
18,0.0,1.8626591428943487e-14
19,0.0,0.0
20,0.0,0.0
21,0.0,0.0
22,0.0,0.0
23,0.3977296585328969,0.0
0,0.0,0.0
1,0.0,0.0
2,0.4392003400770962,0.0
3,0.0,0.0
4,0.0,0.0
5,0.0,0.0
6,0.0,0.0
7,0.0,39.394782294189646
8,0.0,76.10487527798617
9,0.39078825556817665,65.56857473501822
10,0.0,131.8175106851646
11,0.0,147.02332907503057
12,0.0,152.20975055597236
13,0.0,147.02332907503057
14,0.3934569992679138,79.9529884800136
15,0.0,107.62854678084092
16,0.0,76.10487527798617
17,0.0,39.39478229418969
18,0.0,1.8640318381738857e-14
19,0.23952306263916304,0.0
20,0.0,0.0
21,0.0,0.0
22,0.0,0.0
23,0.5431844060789226,0.0
0,0.5286090956634408,0.0
1,0.0,0.0
2,0.0,0.0
3,0.0,0.0
4,0.5595968872009123,0.0
5,0.0,0.0
6,0.0,0.0
7,0.0,39.42189800034027
8,0.0,76.15725879972406
9,0.5537496441110552,48.06233619464815
10,0.0,131.90824160629407
11,0.0,147.12452626806783
12,0.0,152.31451759944818
13,0.0,147.12452626806783
14,0.0,131.9082416062941
15,0.0,107.70262826772755
16,0.0,76.15725879972406
17,0.0,39.42189800034031
18,0.0,1.8653148644183742e-14
19,0.0,0.0
20,0.0,0.0
21,0.0,0.0
22,0.0,0.0
23,0.0,0.0
0,0.0,0.0
1,0.0,0.0
2,0.5786569000376374,0.0
3,0.0,0.0
4,0.0,0.0
5,0.0,0.0
6,0.0,0.0
7,0.0,39.4471105900958
8,0.0,76.20596578290905
9,0.4042492927088232,64.20495351323467
10,0.0,131.99260457585387
11,0.0,147.2186209340258
12,0.49729617017112665,76.61806170975292
13,0.0,147.2186209340258
14,0.26646736112025093,96.82088354713734
15,0.0,107.77151034393002
16,0.0,76.20596578290905
17,0.0,39.44711059009584
18,0.24162126237952647,1.4155198605495624e-14
19,0.0,0.0
20,0.0,0.0
21,0.0,0.0
22,0.0,0.0
23,0.0,0.0
0,0.0,0.0
1,0.0,0.0
2,0.0,0.0
3,0.0,0.0
4,0.0,0.0
5,0.5098212884215438,0.0
6,0.0,0.0
7,0.30547407241717106,27.413224917828675
8,0.0,76.2509817946108
9,0.5465298641409684,48.90003036848905
10,0.0,132.0705745952754
11,0.0,147.3055851906243
12,0.0,152.50196358922162
13,0.5906909932010447,60.29350277031333
14,0.0,132.07057459527542
15,0.0,107.83517259820258
16,0.5409962020629074,34.99949024015846
17,0.0,39.470412592421766
18,0.22462390294677392,1.4481004749664367e-14
19,0.0,0.0
20,0.0,0.0
21,0.0,0.0
22,0.0,0.0
23,0.49043093596460935,0.0
0,0.3680973728837533,0.0
1,0.37528790188416306,0.0
2,0.0,0.0
3,0.0,0.0
4,0.5424666408119379,0.0
5,0.0,0.0
6,0.0,0.0
7,0.48040580077167067,20.519708691525754
8,0.0,76.2922934956135
9,0.301367937564817,75.37792561303296
10,0.0,132.14212856035917
11,0.2505451671829656,110.45869527169945
12,0.0,152.584586991227
13,0.0,147.38539326847723
14,0.5965226479219254,53.316356129494245
15,0.5428739729033054,49.32097096455944
16,0.0,76.2922934956135
17,0.0,39.49179710243194
18,0.0,1.8686222605802705e-14
19,0.5062587583905103,0.0
20,0.5528087354386845,0.0
21,0.0,0.0
22,0.0,0.0
23,0.0,0.0
0,0.0,0.0
1,0.0,0.0
2,0.0,0.0
3,0.0,0.0
4,0.0,0.0
5,0.37765652609749284,0.0
6,0.0,0.0
7,0.0,39.51125778343446
8,0.0,76.32988864436862
9,0.0,107.9467637352942
10,0.0,132.20724526812114
11,0.0,147.45802151872869
12,0.0,152.65977728873725
13,0.2362596858528515,112.61963567823084
14,0.0,132.20724526812114
15,0.0,107.9467637352942
16,0.3860870586454006,46.85990645093337
17,0.0,39.51125778343451
18,0.0,1.869543076151999e-14
19,0.0,0.0
20,0.0,0.0
21,0.0,0.0
22,0.0,0.0
23,0.0,0.0
0,0.5360108998681874,0.0
1,0.0,0.0
2,0.5019273163705693,0.0
3,0.4588680037243507,0.0
4,0.0,0.0
5,0.0,0.0
6,0.21042486782660896,0.0
7,0.0,39.52878886880965
8,0.0,76.36375610062215
9,0.3607525098244753,69.0353150704975
10,0.0,132.2659054230754
11,0.0,147.5234484200607
12,0.0,152.72751220124434
13,0.4772680320609846,77.11522250976816
14,0.0,132.2659054230754
15,0.0,107.99465955125103
16,0.0,76.36375610062215
17,0.0,39.52878886880969
18,0.0,1.8703725895899223e-14
19,0.0,0.0
20,0.0,0.0
21,0.0,0.0
22,0.0,0.0
23,0.0,0.0
0,0.0,0.0
1,0.0,0.0
2,0.0,0.0
3,0.0,0.0
4,0.0,0.0
5,0.0,0.0
6,0.0,0.0
7,0.0,39.544385163718516
8,0.0,76.39388582871594
9,0.0,108.0372694213519
10,0.0,132.31809164295208
11,0.2541045223988471,110.08048873189946
12,0.0,152.7877716574319
13,0.0,147.58165458507042
14,0.0,132.31809164295208
15,0.0,108.0372694213519
16,0.0,76.39388582871594
17,0.0,39.54438516371856
18,0.0,1.8711105550913067e-14
19,0.0,0.0
20,0.0,0.0
21,0.2032819845712929,0.0
22,0.0,0.0
23,0.25768545955816197,0.0
0,0.0,0.0
1,0.0,0.0
2,0.0,0.0
3,0.0,0.0
4,0.5164234546030422,0.0
5,0.0,0.0
6,0.0,0.0
7,0.0,39.558042046642264
8,0.0,76.42026890056127
9,0.0,108.07458071937259
10,0.0,132.36378846384787
11,0.0,147.63262276601486
12,0.0,152.84053780112254
13,0.0,147.63262276601486
14,0.39873541962637016,79.58565772737943
15,0.0,108.07458071937259
16,0.0,76.42026890056127
17,0.45093435964432566,21.719961687556353
18,0.0,1.8717567539810475e-14
19,0.2751113633842966,0.0
20,0.0,0.0
21,0.0,0.0
22,0.0,0.0
23,0.0,0.0
0,0.0,0.0
1,0.0,0.0
2,0.0,0.0
3,0.0,0.0
4,0.0,0.0
5,0.0,0.0
6,0.0,0.0
7,0.0,39.56975547075176
8,0.0,76.44289749828454
9,0.0,108.10658238917037
10,0.0,132.4029823448087
11,0.0,147.6763378599221
12,0.0,152.88579499656913
13,0.0,147.6763378599221
14,0.0,132.4029823448087
15,0.0,108.10658238917037
16,0.0,76.44289749828454
17,0.0,39.56975547075181
18,0.0,1.8723109947764682e-14
19,0.0,0.0
20,0.0,0.0
21,0.0,0.0
22,0.0,0.0
23,0.0,0.0
0,0.0,0.0
1,0.0,0.0
2,0.0,0.0
3,0.0,0.0
4,0.5389238597520292,0.0
5,0.0,0.0
6,0.0,0.0
7,0.0,39.57952196510665
8,0.0,76.46176491654393
9,0.0,108.13326494795976
10,0.0,132.43566167184156
11,0.0,147.7127869130664
12,0.0,152.92352983308785
13,0.0,147.7127869130664
14,0.0,132.43566167184161
15,0.0,108.13326494795976
16,0.0,76.46176491654393
17,0.0,39.57952196510669
18,0.0,1.8727731132440583e-14
19,0.0,0.0
20,0.0,0.0
21,0.0,0.0
22,0.24420060233116658,0.0
23,0.0,0.0
0,0.2934876714057049,0.0
1,0.46130219798575794,0.0
2,0.0,0.0
3,0.0,0.0
4,0.0,0.0
5,0.24594327378138112,0.0
6,0.0,0.0
7,0.0,39.58733863568387
8,0.0,76.47686556451617
9,0.0,108.15462048912272
10,0.0,132.46181676135674
11,0.0,147.74195912480658
12,0.0,152.9537311290324
13,0.0,147.74195912480658
14,0.4658673304130048,70.75218380508687
15,0.0,108.15462048912272
16,0.0,76.47686556451617
17,0.0,39.58733863568391
18,0.0,1.873142972448144e-14
19,0.0,0.0
20,0.0,0.0
21,0.0,0.0
22,0.0,0.0
23,0.0,0.0
0,0.0,0.0
1,0.5087953268177379,0.0
2,0.0,0.0
3,0.0,0.0
4,0.48539540340896237,0.0
5,0.0,0.0
6,0.0,0.0
7,0.0,39.59320316623522
8,0.0,76.48819496755341
9,0.0,108.17064268455158
10,0.0,132.48143986303666
11,0.0,147.7638458507868
12,0.0,152.97638993510685
13,0.0,147.7638458507868
14,0.0,132.48143986303666
15,0.0,108.17064268455158
16,0.0,76.48819496755341
17,0.545881290343533,17.9800143330171
18,0.0,1.87342046279146e-14
19,0.0,0.0
20,0.0,0.0
21,0.0,0.0
22,0.0,0.0
23,0.0,0.0
0,0.23968754985320095,0.0
1,0.0,0.0
2,0.0,0.0
3,0.0,0.0
4,0.0,0.0
5,0.0,0.0
6,0.0,0.0
7,0.0,39.59711381897375
8,0.554579326684933,34.07278836763016
9,0.0,108.181326786524
10,0.0,132.4945251621328
11,0.5784883745679588,62.29033070343573
12,0.0,152.99149953701803
13,0.0,147.77844060549776
14,0.20504012520003762,105.32783113456956
15,0.0,108.181326786524
16,0.0,76.49574976850901
17,0.0,39.597113818973796
18,0.0,1.873605502047629e-14
19,0.0,0.0
20,0.0,0.0
21,0.0,0.0
22,0.0,0.0
23,0.0,0.0
0,0.38807422068873,0.0
1,0.0,0.0
2,0.0,0.0
3,0.0,0.0
4,0.505765593087898,0.0
5,0.0,0.0
6,0.32649476550349055,0.0
7,0.0,39.599069435088644
8,0.0,76.49952772873237
9,0.0,108.18666962910999
10,0.28105187376184304,95.26139512478872
11,0.0,147.78573906419862
12,0.0,152.99905545746475
13,0.0,147.78573906419862
14,0.0,132.50106878118865
15,0.0,108.18666962910999
16,0.0,76.49952772873237
17,0.0,39.59906943508869
18,0.0,1.873698035385526e-14
19,0.3735649996242776,0.0
20,0.0,0.0
21,0.0,0.0
22,0.5320713287905622,0.0
23,0.0,0.0
0,0.0,0.0
1,0.0,0.0
2,0.0,0.0
3,0.0,0.0
4,0.0,0.0
5,0.0,0.0
6,0.0,0.0
7,0.0,39.599069435088644
8,0.0,76.49952772873237
9,0.0,108.18666962910999
10,0.0,132.50106878118862
11,0.0,147.78573906419862
12,0.0,152.99905545746475
13,0.0,147.78573906419862
14,0.0,132.50106878118865
15,0.29007936986728555,76.80394867505757
16,0.0,76.49952772873237
17,0.4218041981083771,22.89601570618316
18,0.3464725493587951,1.2245131003369371e-14
19,0.0,0.0
20,0.4256362652528515,0.0
21,0.0,0.0
22,0.23132046495558753,0.0
23,0.4714288407856041,0.0
0,0.0,0.0
1,0.0,0.0
2,0.0,0.0
3,0.4698092479978701,0.0
4,0.0,0.0
5,0.0,0.0
6,0.0,0.0
7,0.0,39.59711381897375
8,0.29388967374502883,54.014438826160536
9,0.0,108.181326786524
10,0.0,132.4945251621328
11,0.0,147.77844060549776
12,0.0,152.99149953701803
13,0.0,147.77844060549776
14,0.0,132.49452516213282
15,0.3909531320260339,65.88749825260058
16,0.3115778766085274,52.66136648605972
17,0.0,39.597113818973796
18,0.0,1.873605502047629e-14
19,0.45545921409394674,0.0
20,0.0,0.0
21,0.0,0.0
22,0.0,0.0
23,0.0,0.0
0,0.0,0.0
1,0.41202831391441513,0.0
2,0.0,0.0
3,0.5487352145254136,0.0
4,0.0,0.0
5,0.0,0.0
6,0.0,0.0
7,0.0,39.59320316623522
8,0.0,76.48819496755341
9,0.0,108.17064268455158
10,0.0,132.48143986303666
11,0.0,147.7638458507868
12,0.0,152.97638993510685
13,0.0,147.7638458507868
14,0.0,132.48143986303666
15,0.0,108.17064268455158
16,0.0,76.48819496755341
17,0.0,39.59320316623527
18,0.0,1.87342046279146e-14
19,0.0,0.0
20,0.0,0.0
21,0.0,0.0
22,0.0,0.0
23,0.3049463082154795,0.0
0,0.0,0.0
1,0.0,0.0
2,0.0,0.0
3,0.0,0.0
4,0.0,0.0
5,0.2578057126741256,0.0
6,0.27144230426908833,0.0
7,0.0,39.58733863568387
8,0.0,76.47686556451617
9,0.0,108.15462048912272
10,0.0,132.46181676135674
11,0.0,147.74195912480658
12,0.0,152.9537311290324
13,0.0,147.74195912480658
14,0.21874809493512123,103.48604669316485
15,0.0,108.15462048912272
16,0.0,76.47686556451617
17,0.0,39.58733863568391
18,0.24193484876080196,1.4199644107015433e-14
19,0.5731612190452855,0.0
20,0.0,0.0
21,0.0,0.0
22,0.0,0.0
23,0.0,0.0
0,0.5304410240581969,0.0
1,0.4847194760988991,0.0
2,0.0,0.0
3,0.0,0.0
4,0.0,0.0
5,0.0,0.0
6,0.0,0.0
7,0.33435106597278,26.34606660538018
8,0.3379733429760675,50.61972661784938
9,0.0,108.13326494795976
10,0.0,132.43566167184156
11,0.0,147.7127869130664
12,0.0,152.92352983308785
13,0.0,147.7127869130664
14,0.0,132.43566167184161
15,0.0,108.13326494795976
16,0.4779450991517816,39.91723910218613
17,0.0,39.57952196510669
18,0.0,1.8727731132440583e-14
19,0.24363328228639955,0.0
20,0.4745703338811681,0.0
21,0.0,0.0
22,0.5342720634649838,0.0
23,0.0,0.0
0,0.0,0.0
1,0.0,0.0
2,0.0,0.0
3,0.0,0.0
4,0.0,0.0
5,0.0,0.0
6,0.2037468979391227,0.0
7,0.0,39.56975547075176
8,0.0,76.44289749828454
9,0.0,108.10658238917037
10,0.0,132.4029823448087
11,0.0,147.6763378599221
12,0.0,152.88579499656913
13,0.0,147.6763378599221
14,0.0,132.4029823448087
15,0.0,108.10658238917037
16,0.0,76.44289749828454
17,0.0,39.56975547075181
18,0.0,1.8723109947764682e-14
19,0.0,0.0
20,0.0,0.0
21,0.4550274208932756,0.0
22,0.0,0.0
23,0.0,0.0
0,0.0,0.0
1,0.0,0.0
2,0.0,0.0
3,0.0,0.0
4,0.0,0.0
5,0.0,0.0
6,0.0,0.0
7,0.0,39.558042046642264
8,0.0,76.42026890056127
9,0.0,108.07458071937259
10,0.0,132.36378846384787
11,0.0,147.63262276601486
12,0.0,152.84053780112254
13,0.0,147.63262276601486
14,0.0,132.3637884638479
15,0.3329621915360879,72.08983147370647
16,0.20809752398649276,60.51740015997248
17,0.0,39.558042046642306
18,0.0,1.8717567539810475e-14
19,0.0,0.0
20,0.0,0.0
21,0.0,0.0
22,0.0,0.0
23,0.0,0.0
0,0.0,0.0
1,0.0,0.0
2,0.0,0.0
3,0.0,0.0
4,0.4242661391583823,0.0
5,0.0,0.0
6,0.0,0.0
7,0.0,39.544385163718516
8,0.0,76.39388582871594
9,0.0,108.0372694213519
10,0.0,132.31809164295208
11,0.0,147.58165458507042
12,0.0,152.7877716574319
13,0.0,147.58165458507042
14,0.0,132.31809164295208
15,0.0,108.0372694213519
16,0.0,76.39388582871594
17,0.0,39.54438516371856
18,0.0,1.8711105550913067e-14
19,0.0,0.0
20,0.0,0.0
21,0.0,0.0
22,0.0,0.0
23,0.3032548664299258,0.0
0,0.0,0.0
1,0.0,0.0
2,0.0,0.0
3,0.2878178184144566,0.0
4,0.0,0.0
5,0.0,0.0
6,0.0,0.0
7,0.5741234790961157,16.834383078992836
8,0.0,76.36375610062215
9,0.0,107.99465955125103
10,0.0,132.2659054230754
11,0.4042697982095208,87.88417369611011
12,0.21531865547894605,119.84242961942807
13,0.31118821353451465,101.6158900517709
14,0.0,132.2659054230754
15,0.0,107.99465955125103
16,0.4972481258764266,38.39202149470325
17,0.0,39.52878886880969
18,0.0,1.8703725895899223e-14
19,0.0,0.0
20,0.0,0.0
21,0.4520660085559448,0.0
22,0.22092465569005248,0.0
23,0.0,0.0
0,0.0,0.0
1,0.0,0.0
2,0.0,0.0
3,0.0,0.0
4,0.0,0.0
5,0.0,0.0
6,0.0,0.0
7,0.0,39.51125778343446
8,0.0,76.32988864436862
9,0.0,107.9467637352942
10,0.0,132.20724526812114
11,0.0,147.45802151872869
12,0.31809267210147346,104.09982080854698
13,0.0,147.45802151872869
14,0.0,132.20724526812114
15,0.0,107.9467637352942
16,0.0,76.32988864436862
17,0.0,39.51125778343451
18,0.0,1.869543076151999e-14
19,0.0,0.0
20,0.0,0.0
21,0.0,0.0
22,0.0,0.0
23,0.0,0.0
0,0.0,0.0
1,0.0,0.0
2,0.0,0.0
3,0.0,0.0
4,0.4630156255149421,0.0
5,0.0,0.0
6,0.0,0.0
7,0.0,39.491797102431896
8,0.0,76.29229349561354
9,0.35341130447657976,69.76277960033394
10,0.49488046715691,66.74757024730017
11,0.44580238295173535,81.68063373711142
12,0.3519880758319522,98.87663181457191
13,0.0,147.38539326847726
14,0.0,132.14212856035923
15,0.0,107.89359616604531
16,0.0,76.29229349561354
17,0.4671991877524824,21.041261573289898
18,0.0,1.8686222605802708e-14
19,0.30240748118689953,0.0
20,0.0,0.0
21,0.20801725722926645,0.0
22,0.0,0.0
23,0.0,0.0
0,0.0,0.0
1,0.0,0.0
2,0.0,0.0
3,0.23615147549726326,0.0
4,0.0,0.0
5,0.0,0.0
6,0.22054355474886275,0.0
7,0.4309833511629958,22.459321901553704
8,0.0,76.2509817946108
9,0.2233755264643311,83.74743414770705
10,0.0,132.0705745952754
11,0.0,147.3055851906243
12,0.5870379357275464,62.97752568940752
13,0.5405864012465833,67.67418900890273
14,0.0,132.07057459527542
15,0.0,107.83517259820258
16,0.0,76.2509817946108
17,0.0,39.470412592421766
18,0.45034629071643567,1.0265389925038589e-14
19,0.0,0.0
20,0.4173618978024355,0.0
21,0.0,0.0
22,0.0,0.0
23,0.0,0.0
0,0.0,0.0
1,0.0,0.0
2,0.0,0.0
3,0.0,0.0
4,0.0,0.0
5,0.45818717107114587,0.0
6,0.0,0.0
7,0.0,39.4471105900958
8,0.0,76.20596578290905
9,0.0,107.77151034393002
10,0.4029474912601788,78.80651569711675
11,0.0,147.2186209340258
12,0.4080489931950896,90.22039633946714
13,0.0,147.2186209340258
14,0.0,131.99260457585387
15,0.0,107.77151034393002
16,0.0,76.20596578290905
17,0.0,39.44711059009584
18,0.0,1.8665078414394462e-14
19,0.0,0.0
20,0.0,0.0
21,0.0,0.0
22,0.0,0.0
23,0.0,0.0
0,0.0,0.0
1,0.0,0.0
2,0.0,0.0
3,0.0,0.0
4,0.0,0.0
5,0.0,0.0
6,0.0,0.0
7,0.0,39.42189800034027
8,0.0,76.15725879972406
9,0.0,107.70262826772755
10,0.0,131.90824160629407
11,0.3399890823928223,97.10379358470877
12,0.0,152.31451759944818
13,0.0,147.12452626806783
14,0.0,131.9082416062941
15,0.0,107.70262826772755
16,0.0,76.15725879972406
17,0.0,39.42189800034031
18,0.0,1.8653148644183742e-14
19,0.0,0.0
20,0.4162152843490031,0.0
21,0.5988834794050082,0.0
22,0.0,0.0
23,0.0,0.0
0,0.0,0.0
1,0.0,0.0
2,0.4423214721530226,0.0
3,0.0,0.0
4,0.0,0.0
5,0.0,0.0
6,0.0,0.0
7,0.0,39.394782294189646
8,0.30736204363739034,52.71312528177564
9,0.0,107.62854678084092
10,0.5704457144781887,56.62277662162961
11,0.5752657240120705,62.44584722801821
12,0.20441351462502083,121.09602048462834
13,0.0,147.02332907503057
14,0.0,131.81751068516462
15,0.0,107.62854678084092
16,0.3821357428836407,47.0224822265661
17,0.0,39.39478229418969
18,0.0,1.8640318381738857e-14
19,0.0,0.0
20,0.0,0.0
21,0.0,0.0
22,0.0,0.0
23,0.0,0.0
0,0.0,0.0
1,0.3350877390661362,0.0
2,0.39578882764039086,0.0
3,0.0,0.0
4,0.0,0.0
5,0.0,0.0
6,0.0,0.0
7,0.0,39.36577150661285
8,0.0,76.04883074006335
9,0.0,107.54928783521353
10,0.0,131.72043869799558
11,0.0,146.91505934182635
12,0.0,152.0976614801267
13,0.5863556370068783,60.770586135546445
14,0.5032559695171208,65.43134161581536
15,0.24884301180195087,80.78639913314407
16,0.0,76.04883074006335
17,0.0,39.365771506612894
18,0.0,1.8626591428943487e-14
19,0.0,0.0
20,0.486285476893742,0.0
21,0.0,0.0
22,0.4211036622707698,0.0
23,0.0,0.0
0,0.0,0.0
1,0.0,0.0
2,0.0,0.0
3,0.38184389713611855,0.0
4,0.0,0.0
5,0.0,0.0
6,0.0,0.0
7,0.0,39.33487423413235
8,0.0,75.98914179316174
9,0.21953146222065678,83.87295378909658
10,0.0,131.61705440931175
11,0.32844053746949553,98.5847606395349
12,0.0,151.9782835863235
13,0.2844768930257261,105.03861261564903
14,0.0,131.61705440931175
15,0.0,107.46487491698151
16,0.29826203102778237,53.324466025875175
17,0.0,39.33487423413239
18,0.0,1.861197185338998e-14
19,0.0,0.0
20,0.0,0.0
21,0.0,0.0
22,0.4924812305616731,0.0
23,0.0,0.0
0,0.0,0.0
1,0.5183483432095124,0.0
2,0.0,0.0
3,0.0,0.0
4,0.0,0.0
5,0.533959550671476,0.0
6,0.498231147448534,0.0
7,0.5246869024197152,18.68080271762646
8,0.0,75.92582612440448
9,0.0,107.37533303951429
10,0.369394534954581,82.92927785301195
11,0.0,146.6774326717911
12,0.0,151.85165224880902
13,0.0,146.6774326717911
14,0.0,131.507388454109
15,0.34223468706595195,70.62776953813375
16,0.0,75.92582612440448
17,0.0,39.30209963227684
18,0.0,1.8596463987174094e-14
19,0.0,0.0
20,0.3240218517868552,0.0
21,0.0,0.0
22,0.0,0.0
23,0.0,0.0
0,0.34517667030253263,0.0
1,0.0,0.0
2,0.2600394414960641,0.0
3,0.0,0.0
4,0.0,0.0
5,0.0,0.0
6,0.0,0.0
7,0.0,39.267457412868055
8,0.0,75.85890249559074
9,0.0,107.28068873600269
10,0.45009271439387305,72.2531284500174
11,0.0,146.54814614887076
12,0.0,151.7178049911815
13,0.0,146.54814614887076
14,0.0,131.39147332877673
15,0.0,107.28068873600269
16,0.0,75.85890249559074
17,0.0,39.2674574128681
18,0.0,1.858007242561128e-14
19,0.0,0.0
20,0.38779760963000387,0.0
21,0.0,0.0
22,0.0,0.0
23,0.0,0.0
0,0.0,0.0
1,0.0,0.0
2,0.0,0.0
3,0.0,0.0
4,0.0,0.0
5,0.0,0.0
6,0.24803596580836162,0.0
7,0.0,39.23095784114338
8,0.24216259609071625,57.43527728307251
9,0.0,107.18097005159635
10,0.0,131.26934338146813
11,0.0,146.41192789273975
12,0.0,151.5767814752721
13,0.0,146.41192789273975
14,0.4412862104921621,73.34199228686569
15,0.0,107.18097005159635
16,0.0,75.78839073763604
17,0.0,39.23095784114343
18,0.0,1.856280202587498e-14
19,0.0,0.0
20,0.22175765686316604,0.0
21,0.0,0.0
22,0.0,0.0
23,0.4309133307110637,0.0
0,0.3577242758041633,0.0
1,0.0,0.0
2,0.0,0.0
3,0.23402587041999273,0.0
4,0.0,0.0
5,0.0,0.0
6,0.0,0.0
7,0.0,39.19261173271359
8,0.0,75.714311744696
9,0.0,107.07620653509363
10,0.0,131.14103480192247
11,0.0,146.26881826780723
12,0.0,151.42862348939204
13,0.0,146.26881826780723
14,0.0,131.14103480192247
15,0.0,107.07620653509363
16,0.0,75.714311744696
17,0.5678615939839196,16.936632761782
18,0.0,1.854465790555737e-14
19,0.0,0.0
20,0.0,0.0
21,0.3155655629278383,0.0
22,0.3757419551226404,0.0
23,0.0,0.0
0,0.0,0.0
1,0.0,0.0
2,0.0,0.0
3,0.0,0.0
4,0.4293081489819507,0.0
5,0.5782426879608596,0.0
6,0.0,0.0
7,0.31756307441425713,26.71906426575207
8,0.0,75.63668746797505
9,0.0,106.96642923018541
10,0.0,131.00658561074093
11,0.0,146.1188596805436
12,0.0,151.2733749359501
13,0.0,146.1188596805436
14,0.0,131.00658561074096
15,0.0,106.96642923018541
16,0.2968157023994854,53.18653094999767
17,0.0,39.15243045035824
18,0.0,1.852564544115287e-14
19,0.2405060824922655,0.0
20,0.0,0.0
21,0.38858227496924147,0.0
22,0.0,0.0
23,0.2533184786236322,0.0
0,0.0,0.0
1,0.0,0.0
2,0.0,0.0
3,0.0,0.0
4,0.23392056506137623,0.0
5,0.0,0.0
6,0.0,0.0
7,0.0,39.11042590065834
8,0.0,75.55554090922156
9,0.4382982085686057,60.018774830673564
10,0.0,130.86603564812057
11,0.0,145.9620965669147
12,0.0,151.11108181844315
13,0.0,145.9620965669147
14,0.0,130.86603564812057
15,0.0,106.85167066625637
16,0.0,75.55554090922156
17,0.0,39.110425900658385
18,0.0,1.8505770266465024e-14
19,0.0,0.0
20,0.0,0.0
21,0.3128263379209012,0.0
22,0.0,0.0
23,0.0,0.0
0,0.0,0.0
1,0.0,0.0
2,0.5411078025648385,0.0
3,0.0,0.0
4,0.0,0.0
5,0.0,0.0
6,0.5965023483135754,0.0
7,0.0,39.066610530468644
8,0.0,75.47089611391227
9,0.0,106.73196484874568
10,0.0,130.7194265620486
11,0.0,145.79857537921433
12,0.49682684908629976,75.94985719983558
13,0.0,145.79857537921433
14,0.5502315020378656,58.793480139284135
15,0.0,106.73196484874568
16,0.0,75.47089611391227
17,0.0,39.06661053046868
18,0.0,1.848503827093702e-14
19,0.0,0.0
20,0.0,0.0
21,0.0,0.0
22,0.0,0.0
23,0.0,0.0
0,0.0,0.0
1,0.0,0.0
2,0.0,0.0
3,0.5368599648390755,0.0
4,0.0,0.0
5,0.0,0.0
6,0.0,0.0
7,0.0,39.0209973232289
8,0.0,75.38277816412676
9,0.0,106.6073472490705
10,0.0,130.56680179596128
11,0.0,145.62834457229937
12,0.0,150.76555632825355
13,0.0,145.62834457229937
14,0.0,130.56680179596128
15,0.0,106.6073472490705
16,0.0,75.38277816412676
17,0.0,39.02099732322894
18,0.0,1.846345559790657e-14
19,0.0,0.0
20,0.0,0.0
21,0.0,0.0
22,0.0,0.0
23,0.0,0.0
0,0.0,0.0
1,0.0,0.0
2,0.567863869888116,0.0
3,0.0,0.0
4,0.572337329490308,0.0
5,0.37853987199611966,0.0
6,0.0,0.0
7,0.0,38.97359979511681
8,0.39255215531956134,45.735485164169454
9,0.0,106.47785479411509
10,0.593251475155798,53.0433456523134
11,0.0,145.45145458923193
12,0.32677727562159886,101.37551130562643
13,0.0,145.45145458923193
14,0.0,130.4082065758708
15,0.0,106.47785479411509
16,0.0,75.2912131711153
17,0.0,38.97359979511685
18,0.0,1.8441028642785483e-14
19,0.0,0.0
20,0.0,0.0
21,0.0,0.0
22,0.0,0.0
23,0.2029488259108288,0.0
0,0.0,0.0
1,0.0,0.0
2,0.0,0.0
3,0.0,0.0
4,0.0,0.0
5,0.0,0.0
6,0.45333849473958693,0.0
7,0.0,38.92443199104289
8,0.0,75.19622826756148
9,0.0,106.34352585528855
10,0.4156728717946664,76.10492011570446
11,0.0,145.26795784633146
12,0.0,150.39245653512296
13,0.0,145.26795784633146
14,0.0,130.2436878969635
15,0.0,106.34352585528855
16,0.0,75.19622826756148
17,0.0,38.92443199104292
18,0.0,1.8417764051164575e-14
19,0.0,0.0
20,0.0,0.0
21,0.0,0.0
22,0.0,0.0
23,0.29766890008617436,0.0
0,0.0,0.0
1,0.0,0.0
2,0.25051656127816485,0.0
3,0.0,0.0
4,0.0,0.0
5,0.0,0.0
6,0.0,0.0
7,0.0,38.87350848048861
8,0.0,75.09785159954211
9,0.0,106.2044002371545
10,0.0,130.07329450967464
11,0.0,145.0779087176431
12,0.551030216672737,67.43333232197875
13,0.0,145.0779087176431
14,0.2845682605829557,93.05856334276201
15,0.0,106.2044002371545
16,0.0,75.09785159954211
17,0.0,38.87350848048865
18,0.31291953849419063,1.2637930390754448e-14
19,0.0,0.0
20,0.0,0.0
21,0.0,0.0
22,0.0,0.0
23,0.0,0.0
0,0.0,0.0
1,0.3349382300956,0.0
2,0.0,0.0
3,0.0,0.0
4,0.0,0.0
5,0.4220753132238861,0.0
6,0.29333250781642745,0.0
7,0.0,38.82084435318918
8,0.33093689455790526,50.17713180369043
9,0.0,106.06051916563618
10,0.0,129.89707690524224
11,0.35376408175879565,93.62754098962583
12,0.0,149.99222463637426
13,0.0,144.8813635188254
14,0.0,129.89707690524227
15,0.0,106.06051916563618
16,0.500897159213039,37.4307727059852
17,0.0,38.82084435318923
18,0.0,1.836874977979265e-14
19,0.0,0.0
20,0.0,0.0
21,0.0,0.0
22,0.0,0.0
23,0.0,0.0
0,0.0,0.0
1,0.49121529500213934,0.0
2,0.0,0.0
3,0.26709404496388117,0.0
4,0.0,0.0
5,0.0,0.0
6,0.0,0.0
7,0.0,38.76645521466209
8,0.0,74.89104057104126
9,0.0,105.91192527580027
10,0.0,129.71508730074558
11,0.3463280448040912,94.57219984977816
12,0.0,149.78208114208255
13,0.0,144.67838049046236
14,0.0,129.7150873007456
15,0.0,105.91192527580027
16,0.25642047454933536,55.687444408321326
17,0.0,38.76645521466213
18,0.0,1.8343014624028054e-14
19,0.0,0.0
20,0.0,0.0
21,0.0,0.0
22,0.0,0.0
23,0.0,0.0
0,0.0,0.0
1,0.0,0.0
2,0.0,0.0
3,0.34010851409786647,0.0
4,0.0,0.0
5,0.5492371544886044,0.0
6,0.0,0.0
7,0.0,38.71035718158291
8,0.0,74.78266749313086
9,0.0,105.75866259922326
10,0.0,129.52737962363216
11,0.0,144.46901978080618
12,0.0,149.56533498626175
13,0.0,144.46901978080618
14,0.0,129.52737962363219
15,0.5822092794166129,44.184987855264794
16,0.0,74.78266749313086
17,0.0,38.71035718158295
18,0.0,1.8316470875432712e-14
19,0.0,0.0
20,0.0,0.0
21,0.38741334147843126,0.0
22,0.0,0.0
23,0.0,0.0
0,0.0,0.0
1,0.5141049004968032,0.0
2,0.0,0.0
3,0.20301797808265265,0.0
4,0.0,0.0
5,0.0,0.0
6,0.0,0.0
7,0.0,38.652566877009534
8,0.0,74.67102519773779
9,0.0,105.60077655094392
10,0.0,129.33400949573772
11,0.0,144.2533434279535
12,0.0,149.34205039547558
13,0.0,144.2533434279535
14,0.39654069544702486,78.0478114253458
15,0.0,105.60077655094392
16,0.0,74.67102519773779
17,0.586863433864697,15.968788751882888
18,0.0,1.828912639949219e-14
19,0.2538226177044634,0.0
20,0.0,0.0
21,0.5511195197815961,0.0
22,0.0,0.0
23,0.5352597332633691,0.0
0,0.0,0.0
1,0.0,0.0
2,0.0,0.0
3,0.22569295813814302,0.0
4,0.398168237689002,0.0
5,0.0,0.0
6,0.0,0.0
7,0.0,38.59310142545641
8,0.0,74.55614676688359
9,0.0,105.43831391600575
10,0.0,129.13503421680448
11,0.0,144.03141534146215
12,0.0,149.11229353376717
13,0.0,144.03141534146215
14,0.0,129.13503421680448
15,0.3159282304327669,72.12737398070747
16,0.5782892568158133,31.44112806201177
17,0.5605938865683266,16.95804470263419
18,0.0,1.8260989298964858e-14
19,0.0,0.0
20,0.5580945486941786,0.0
21,0.0,0.0
22,0.0,0.0
23,0.0,0.0
0,0.0,0.0
1,0.0,0.0
2,0.0,0.0
3,0.0,0.0
4,0.0,0.0
5,0.0,0.0
6,0.0,0.0
7,0.0,38.531978447820215
8,0.0,74.43806624152661
9,0.403807310345752,62.76199310481332
10,0.0,128.93051274750178
11,0.0,143.80330128341402
12,0.0,148.87613248305325
13,0.44813333338280537,79.36024852782583
14,0.0,128.93051274750178
15,0.0,105.2713228355938
16,0.0,74.43806624152661
17,0.3077141502185866,26.675143443508354
18,0.45736478389113994,9.893362111257824e-15
19,0.0,0.0
20,0.5295954770105951,0.0
21,0.0,0.0
22,0.0,0.0
23,0.0,0.0
0,0.0,0.0
1,0.0,0.0
2,0.0,0.0
3,0.0,0.0
4,0.0,0.0
5,0.0,0.0
6,0.0,0.0
7,0.0,38.469216056158366
8,0.0,74.31681861147493
9,0.0,105.0998527927691
10,0.0,128.72050569195488
11,0.0,143.5690688489275
12,0.0,148.63363722294986
13,0.0,143.5690688489275
14,0.5907439881938062,52.67964079716594
15,0.0,105.0998527927691
16,0.0,74.31681861147493
17,0.0,38.46921605615841
18,0.0,1.820237080707144e-14
19,0.0,0.0
20,0.0,0.0
21,0.0,0.0
22,0.0,0.0
23,0.0,0.0
0,0.0,0.0
1,0.0,0.0
2,0.5826151454811017,0.0
3,0.0,0.0
4,0.3043712633767105,0.0
5,0.0,0.0
6,0.0,0.0
7,0.0,38.40483284832203
8,0.0,74.19243980501801
9,0.0,104.92395459780596
10,0.0,128.50507527978678
11,0.5498339945175247,64.5217477152702
12,0.0,148.38487961003605
13,0.0,143.328787446128
14,0.34426269528542974,84.26557170611034
15,0.0,104.92395459780596
16,0.0,74.19243980501801
17,0.0,38.404832848322066
18,0.0,1.8171906785629602e-14
19,0.48649822138951665,0.0
20,0.0,0.0
21,0.0,0.0
22,0.0,0.0
23,0.0,0.0
0,0.0,0.0
1,0.5504875096630113,0.0
2,0.0,0.0
3,0.0,0.0
4,0.275440906473871,0.0
5,0.0,0.0
6,0.0,0.0
7,0.0,38.338847902445195
8,0.0,74.06496667828056
9,0.0,104.74368037313575
10,0.3839801156339364,79.02567062585962
11,0.0,143.08252827558096
12,0.0,148.12993335656114
13,0.0,143.08252827558096
14,0.28372422891736193,91.88692540519313
15,0.0,104.74368037313575
16,0.0,74.06496667828056
17,0.0,38.33884790244523
18,0.5891720730169651,7.452699960962125e-15
19,0.0,0.0
20,0.0,0.0
21,0.0,0.0
22,0.0,0.0
23,0.0,0.0
0,0.5994403438778364,0.0
1,0.0,0.0
2,0.0,0.0
3,0.0,0.0
4,0.0,0.0
5,0.0,0.0
6,0.0,0.0
7,0.0,38.271280771291394
8,0.0,73.93443700430115
9,0.0,104.55908353790193
10,0.0,128.05820132045008
11,0.4397260901389599,80.0241266583885
12,0.0,147.8688740086023
13,0.0,142.83036430919333
14,0.0,128.05820132045008
15,0.0,104.55908353790193
16,0.0,73.93443700430115
17,0.0,38.27128077129144
18,0.37711157767395237,1.1279708496137616e-14
19,0.0,0.0
20,0.0,0.0
21,0.38715033073965266,0.0
22,0.0,0.0
23,0.0,0.0
0,0.0,0.0
1,0.0,0.0
2,0.0,0.0
3,0.4604232719505848,0.0
4,0.0,0.0
5,0.0,0.0
6,0.0,0.0
7,0.0,38.20215147645982
8,0.0,73.80088946183918
9,0.0,104.3702187921306
10,0.36766045492336524,80.82999759236789
11,0.0,142.57237026859045
12,0.0,147.60177892367838
13,0.0,142.57237026859045
14,0.0,127.82689019168002
15,0.0,104.3702187921306
16,0.0,73.80088946183918
17,0.0,38.20215147645985
18,0.0,1.8076004610733797e-14
19,0.37091210642454275,0.0
20,0.0,0.0
21,0.0,0.0
22,0.0,0.0
23,0.0,0.0
0,0.0,0.0
1,0.0,0.0
2,0.0,0.0
3,0.3020521901970559,0.0
4,0.0,0.0
5,0.0,0.0
6,0.0,0.0
7,0.5056005046179168,18.852184718584226
8,0.38918298906812887,44.995446400957434
9,0.406518781710283,61.82717721175881
10,0.5873976409048375,52.64410849783115
11,0.0,142.30862260297457
12,0.2732052983543091,107.0777383639241
13,0.0,142.30862260297457
14,0.0,127.59042050384721
15,0.5133065131796394,50.702336535883276
16,0.0,73.66436362391374
17,0.0,38.13148050245248
18,0.0,1.8042565424650537e-14
19,0.0,0.0
20,0.0,0.0
21,0.0,0.0
22,0.0,0.0
23,0.0,0.0
0,0.0,0.0
1,0.0,0.0
2,0.28117220884214883,0.0
3,0.48189501893194087,0.0
4,0.0,0.0
5,0.22381043824821778,0.0
6,0.0,0.0
7,0.0,38.05928879060407
8,0.0,73.52489994607703
9,0.23939471464059567,79.08766963126317
10,0.0,127.34886232802359
11,0.0,142.03919946647105
12,0.0,147.04979989215406
13,0.0,142.03919946647105
14,0.0,127.34886232802361
15,0.0,103.97991067586698
16,0.0,73.52489994607703
17,0.0,38.059288790604114
18,0.5948423068609199,7.296244505682465e-15
19,0.0,0.0
20,0.0,0.0
21,0.2278567186642273,0.0
22,0.0,0.0
23,0.0,0.0
0,0.0,0.0
1,0.0,0.0
2,0.0,0.0
3,0.4622156904320823,0.0
4,0.0,0.0
5,0.0,0.0
6,0.0,0.0
7,0.22589237551947694,29.404940825470124
8,0.0,73.38253975442667
9,0.0,103.77858296209301
10,0.0,127.10228724310996
11,0.29589588031419867,99.81674365121071
12,0.0,146.76507950885335
13,0.0,141.76418069497
14,0.0,127.10228724310996
15,0.0,103.77858296209301
16,0.0,73.38253975442667
17,0.2767480668647534,27.473156991601133
18,0.0,1.7973538484712407e-14
19,0.0,0.0
20,0.0,0.0
21,0.0,0.0
22,0.0,0.0
23,0.0,0.0
0,0.0,0.0
1,0.0,0.0
2,0.0,0.0
3,0.41107255636198803,0.0
4,0.5583331823861462,0.0
5,0.0,0.0
6,0.0,0.0
7,0.0,37.91042916552188
8,0.0,73.23732523335985
9,0.0,103.57321861694679
10,0.0,126.85076831462545
11,0.0,141.48364778246872
12,0.42383361485250326,84.393769875153
13,0.24094569274146416,107.39377225593248
14,0.4403426868515643,70.992960165778
15,0.0,103.57321861694679
16,0.0,73.23732523335985
17,0.0,37.910429165521926
18,0.0,1.7937971185029565e-14
19,0.0,0.0
20,0.0,0.0
21,0.0,0.0
22,0.44383581581820475,0.0
23,0.0,0.0
0,0.0,0.0
1,0.20141889776020655,0.0
2,0.0,0.0
3,0.0,0.0
4,0.0,0.0
5,0.0,0.0
6,0.25101608875506265,0.0
7,0.0,37.833805362607634
8,0.0,73.0892994130731
9,0.0,103.36387849431591
10,0.0,126.59438007305677
11,0.0,141.19768385692356
12,0.0,146.17859882614624
13,0.0,141.19768385692356
14,0.47031849092191275,67.05470227790165
15,0.0,103.36387849431591
16,0.0,73.0892994130731
17,0.0,37.83380536260768
18,0.41244372246827465,1.0518265212283358e-14
19,0.22026559003870683,0.0
20,0.0,0.0
21,0.0,0.0
22,0.0,0.0
23,0.0,0.0
0,0.35489824385461854,0.0
1,0.0,0.0
2,0.0,0.0
3,0.0,0.0
4,0.0,0.0
5,0.0,0.0
6,0.0,0.0
7,0.37873257942311134,23.45641681145656
8,0.26280022184589946,53.7702505576931
9,0.0,103.15062462619666
10,0.0,126.33319849177332
11,0.0,140.90637365561736
12,0.0,145.87701231362345
13,0.0,140.90637365561736
14,0.0,126.33319849177332
15,0.0,103.15062462619666
16,0.0,72.93850615681173
17,0.20853178909621717,29.882475135647862
18,0.5978229670776958,7.18480486569863e-15
19,0.0,0.0
20,0.0,0.0
21,0.0,0.0
22,0.0,0.0
23,0.0,0.0
0,0.5261054874134319,0.0
1,0.0,0.0
2,0.0,0.0
3,0.45538040047712985,0.0
4,0.0,0.0
5,0.261331655813189,0.0
6,0.0,0.0
7,0.0,37.67628329573716
8,0.0,72.78499014787187
9,0.33783390221034704,68.15908740544201
10,0.0,126.06730096451425
11,0.0,140.60980350004965
12,0.0,145.56998029574373
13,0.3833523126738744,86.70671014368658
14,0.3375276096620261,83.51610621341851
15,0.0,102.9335202043125
16,0.5549967027556701,32.38956060569904
17,0.0,37.6762832957372
18,0.0,1.7827181042112583e-14
19,0.4523883590827031,0.0
20,0.0,0.0
21,0.0,0.0
22,0.5843922924685295,0.0
23,0.0,0.0
0,0.0,0.0
1,0.0,0.0
2,0.0,0.0
3,0.0,0.0
4,0.0,0.0
5,0.0,0.0
6,0.4899419291682346,0.0
7,0.0,37.595431708968945
8,0.0,72.62879687636011
9,0.0,102.71262956138919
10,0.3024729722431208,87.74664448642801
11,0.3597036555676358,89.8387387258025
12,0.28177891029257707,104.32706727335689
13,0.0,140.30806127035814
14,0.0,125.79676628245554
15,0.5264952502480316,48.63491795683222
16,0.46504319138427325,38.85326939057748
17,0.0,37.59543170896898
18,0.0,1.7788924724111543e-14
19,0.0,0.0
20,0.0,0.0
21,0.0,0.0
22,0.5256942123491606,0.0
23,0.0,0.0
0,0.0,0.0
1,0.0,0.0
2,0.0,0.0
3,0.0,0.0
4,0.0,0.0
5,0.29696808135270475,0.0
6,0.29700044798379344,0.0
7,0.47826769912477124,19.571857658904385
8,0.0,72.46997262571377
9,0.48487545753418443,52.794093458824264
10,0.0,125.521674610862
11,0.0,140.0012363792775
12,0.0,144.93994525142756
13,0.0,140.0012363792775
14,0.0,125.521674610862
15,0.0,102.48801815209137
16,0.0,72.46997262571377
17,0.0,37.51321822718616
18,0.0,1.7750024002075337e-14
19,0.0,0.0
20,0.0,0.0
21,0.0,0.0
22,0.0,0.0
23,0.0,0.0
0,0.0,0.0
1,0.0,0.0
2,0.0,0.0
3,0.42160229567363733,0.0
4,0.0,0.0
5,0.0,0.0
6,0.2800948283697029,0.0
7,0.0,37.42966721201767
8,0.0,72.30856445898603
9,0.0,102.25975253362719
10,0.0,125.24210746533296
11,0.0,139.68941974564487
12,0.0,144.61712891797205
13,0.0,139.68941974564487
14,0.0,125.24210746533298
15,0.0,102.25975253362719
16,0.2455840619352302,54.55073348644281
17,0.0,37.42966721201771
18,0.409263986446303,1.0462224498824524e-14
19,0.0,0.0
20,0.0,0.0
21,0.0,0.0
22,0.0,0.0
23,0.0,0.0
0,0.5227495548487702,0.0
1,0.0,0.0
2,0.0,0.0
3,0.0,0.0
4,0.0,0.0
5,0.5145567771720749,0.0
6,0.0,0.0
7,0.0,37.344803421432545
8,0.0,72.14462020490011
9,0.0,102.02790034602576
10,0.37719882251661985,77.82408151600877
11,0.0,139.37270376745832
12,0.0,144.28924040980021
13,0.0,139.37270376745832
14,0.5974211406137315,50.30550856711388
15,0.0,102.02790034602576
16,0.0,72.14462020490011
17,0.0,37.34480342143259
18,0.0,1.7670335641926482e-14
19,0.0,0.0
20,0.3177610127288576,0.0
21,0.0,0.0
22,0.0,0.0
23,0.0,0.0
0,0.0,0.0
1,0.0,0.0
2,0.0,0.0
3,0.0,0.0
4,0.0,0.0
5,0.0,0.0
6,0.0,0.0
7,0.0,37.25865200240343
8,0.0,71.97818844367674
9,0.0,101.79253029209407
10,0.0,124.66987942121516
11,0.0,139.05118229449747
12,0.0,143.95637688735349
13,0.0,139.05118229449747
14,0.0,124.66987942121519
15,0.0,101.79253029209407
16,0.42624189671969615,41.29806887899626
17,0.0,37.25865200240347
18,0.3694972116091991,1.1115494062776612e-14
19,0.0,0.0
20,0.0,0.0
21,0.25891531341141605,0.0
22,0.0,0.0
23,0.0,0.0
0,0.0,0.0
1,0.0,0.0
2,0.0,0.0
3,0.0,0.0
4,0.35164674604088864,0.0
5,0.0,0.0
6,0.0,0.0
7,0.0,37.17123848345507
8,0.0,71.8093184926387
9,0.5419648176381049,46.5151730490644
10,0.0,124.37738808614557
11,0.3691532565560417,87.51418332075815
12,0.0,143.6186369852774
13,0.0,138.7249506005138
14,0.21615193557880136,97.49297490908947
15,0.0,101.55371211705875
16,0.0,71.8093184926387
17,0.0,37.17123848345511
18,0.4419945818001264,9.814316704210862e-15
19,0.0,0.0
20,0.0,0.0
21,0.4143925095801885,0.0
22,0.44525022629989597,0.0
23,0.0,0.0
0,0.0,0.0
1,0.4135357648652682,0.0
2,0.0,0.0
3,0.0,0.0
4,0.0,0.0
5,0.0,0.0
6,0.0,0.0
7,0.0,37.08258876709966
8,0.27010001869488703,52.288618940561136
9,0.0,101.31151658789919
10,0.0,124.08076035393343
11,0.0,138.39410535499886
12,0.0,143.27612078319382
13,0.5910251503945232,56.599708423845165
14,0.0,124.08076035393344
15,0.0,101.31151658789919
16,0.0,71.63806039159691
17,0.0,37.08258876709969
18,0.0,1.7546264271138787e-14
19,0.0,0.0
20,0.0,0.0
21,0.5670878402251336,0.0
22,0.0,0.0
23,0.0,0.0
0,0.0,0.0
1,0.0,0.0
2,0.0,0.0
3,0.0,0.0
4,0.42707721377308516,0.0
5,0.0,0.0
6,0.0,0.0
7,0.0,36.99272912216138
8,0.0,71.46446488802283
9,0.0,101.06601547237774
10,0.2823797026425558,88.82710077439948
11,0.0,138.05874459453915
12,0.0,142.92892977604566
13,0.0,138.05874459453915
14,0.2499027917043383,92.84709554234756
15,0.0,101.06601547237774
16,0.4700545727312655,37.872266379614736
17,0.0,36.99272912216143
18,0.0,1.7503745635579118e-14
19,0.5924442524037323,0.0
20,0.0,0.0
21,0.5921913883571851,0.0
22,0.2541954575282066,0.0
23,0.0,0.0
0,0.0,0.0
1,0.5947511006219415,0.0
2,0.0,0.0
3,0.0,0.0
4,0.0,0.0
5,0.0,0.0
6,0.0,0.0
7,0.0,36.90168617599236
8,0.0,71.2885834220106
9,0.0,100.81728151777321
10,0.0,123.47544848653476
11,0.0,137.71896769376553
12,0.0,142.5771668440212
13,0.0,137.71896769376553
14,0.0,123.47544848653476
15,0.0,100.81728151777321
16,0.40297269619663145,42.561230752404505
17,0.4021746203843449,22.060764546620423
18,0.0,1.7460667100702877e-14
19,0.0,0.0
20,0.0,0.0
21,0.0,0.0
22,0.0,0.0
23,0.0,0.0
0,0.0,0.0
1,0.0,0.0
2,0.5266846503066687,0.0
3,0.41198844103299437,0.0
4,0.0,0.0
5,0.0,0.0
6,0.0,0.0
7,0.0,36.80948690658242
8,0.0,71.11046811103452
9,0.0,100.56538842932451
10,0.0,123.16694371831821
11,0.0,137.37487533590695
12,0.0,142.22093622206904
13,0.547449341081234,62.16909035214802
14,0.0,123.16694371831824
15,0.0,100.56538842932451
16,0.0,71.11046811103452
17,0.0,36.80948690658246
18,0.0,1.7417041431609668e-14
19,0.3133876216750222,0.0
20,0.0,0.0
21,0.0,0.0
22,0.0,0.0
23,0.0,0.0
0,0.0,0.0
1,0.0,0.0
2,0.0,0.0
3,0.0,0.0
4,0.0,0.0
5,0.0,0.0
6,0.0,0.0
7,0.21015121335339512,29.000213347835352
8,0.0,70.9301717345052
9,0.0,100.31041084839005
10,0.0,122.85466123374891
11,0.0,137.02656948295495
12,0.0,141.86034346901045
13,0.0,137.02656948295495
14,0.0,122.85466123374891
15,0.0,100.31041084839005
16,0.0,70.9301717345052
17,0.4523397522619557,20.107980533795168
18,0.23623367191524622,1.3268821953916029e-14
19,0.3391418359414506,0.0
20,0.0,0.0
21,0.23288014693486458,0.0
22,0.3336974608249731,0.0
23,0.0,0.0
0,0.0,0.0
1,0.3016352394053269,0.0
2,0.0,0.0
3,0.0,0.0
4,0.0,0.0
5,0.0,0.0
6,0.0,0.0
7,0.4876845193319593,18.761878703276444
8,0.3730824485468901,44.35300477027251
9,0.0,100.05242433032987
10,0.0,122.53869356886655
11,0.21096783205883748,107.840303515684
12,0.0,141.49549543626034
13,0.0,136.6741533454509
14,0.0,122.53869356886658
15,0.0,100.05242433032987
16,0.0,70.74774771813017
17,0.0,36.621729015121026
18,0.450378780350244,9.523946725011735e-15
19,0.22014559384583288,0.0
20,0.0,0.0
21,0.0,0.0
22,0.0,0.0
23,0.0,0.0
0,0.0,0.0
1,0.0,0.0
2,0.0,0.0
3,0.0,0.0
4,0.0,0.0
5,0.0,0.0
6,0.0,0.0
7,0.0,36.52622602978488
8,0.537396776908582,32.64278693643083
9,0.0,99.79150532211715
10,0.0,122.21913435170941
11,0.0,136.317731351902
12,0.0,141.12650023616496
13,0.0,136.317731351902
14,0.38089937433457144,75.6659425454304
15,0.0,99.79150532211715
16,0.0,70.56325011808246
17,0.0,36.52622602978492
18,0.0,1.728301167890876e-14
19,0.0,0.0
20,0.0,0.0
21,0.0,0.0
22,0.5798352050787421,0.0
23,0.37671458379743117,0.0
0,0.3401607899867788,0.0
1,0.0,0.0
2,0.0,0.0
3,0.0,0.0
4,0.0,0.0
5,0.0,0.0
6,0.0,0.0
7,0.0,36.42967797815228
8,0.0,70.37673360498282
9,0.0,99.52773113968507
10,0.2903893231900354,86.49875860489819
11,0.0,135.95740911783736
12,0.0,140.75346720996563
13,0.0,135.95740911783736
14,0.0,121.89607827457026
15,0.33083986813061556,66.5999896940923
16,0.0,70.37673360498282
17,0.0,36.42967797815231
18,0.21691336659935323,1.349832139412668e-14
19,0.0,0.0
20,0.0,0.0
21,0.0,0.0
22,0.0,0.0
23,0.0,0.0
0,0.43531793849624156,0.0
1,0.0,0.0
2,0.0,0.0
3,0.4365195985347753,0.0
4,0.40547315847272913,0.0
5,0.0,0.0
6,0.0,0.0
7,0.0,36.33211346949452
8,0.0,70.18825344769937
9,0.0,99.26117994501662
10,0.0,121.56962106593674
11,0.0,135.59329341451112
12,0.0,140.37650689539873
13,0.0,135.59329341451112
14,0.0,121.56962106593674
15,0.0,99.26117994501662
16,0.0,70.18825344769937
17,0.0,36.332113469494566
18,0.43946651601350295,9.636223042011414e-15
19,0.30580141949673484,0.0
20,0.0,0.0
21,0.0,0.0
22,0.0,0.0
23,0.59347586260262,0.0
0,0.0,0.0
1,0.0,0.0
2,0.0,0.0
3,0.0,0.0
4,0.0,0.0
5,0.4610188302370031,0.0
6,0.0,0.0
7,0.0,36.23356141428118
8,0.0,69.99786549697049
9,0.0,98.99193072298341
10,0.0,121.23985946212544
11,0.0,135.2254921372646
12,0.0,139.99573099394098
13,0.31277005055216434,92.93100812555106
14,0.0,121.23985946212544
15,0.5618232339736642,43.375964066899954
16,0.0,69.99786549697049
17,0.0,36.23356141428122
18,0.0,1.7144532385602378e-14
19,0.0,0.0
20,0.0,0.0
21,0.27589222913179917,0.0
22,0.0,0.0
23,0.0,0.0
0,0.41071174938146665,0.0
1,0.4475621112550461,0.0
2,0.4823814702829618,0.0
3,0.0,0.0
4,0.0,0.0
5,0.0,0.0
6,0.0,0.0
7,0.0,36.13405101561311
8,0.0,69.80562616885489
9,0.0,98.72006325794082
10,0.0,120.90689117861625
11,0.0,134.85411427355396
12,0.5477192941974736,63.143475745273996
13,0.4627482143528799,72.45061369532766
14,0.0,120.90689117861628
15,0.0,98.72006325794082
16,0.21907617541520136,54.51287656531886
17,0.0,36.13405101561315
18,0.0,1.7097447330032973e-14
19,0.0,0.0
20,0.0,0.0
21,0.0,0.0
22,0.0,0.0
23,0.0,0.0
0,0.0,0.0
1,0.0,0.0
2,0.0,0.0
3,0.2752222542279406,0.0
4,0.0,0.0
5,0.0,0.0
6,0.0,0.0
7,0.0,36.033611760569066
8,0.0,69.61159242801433
9,0.0,98.44565811008613
10,0.0,120.57081488109776
11,0.0,134.4792698706552
12,0.21324178473962446,109.53498444019444
13,0.0,134.4792698706552
14,0.0,120.57081488109776
15,0.0,98.44565811008613
16,0.4341747245513137,39.38799846000289
17,0.0,36.0336117605691
18,0.0,1.7049922770103575e-14
19,0.257948743522582,0.0
20,0.581003881018127,0.0
21,0.0,0.0
22,0.0,0.0
23,0.0,0.0
0,0.0,0.0
1,0.0,0.0
2,0.0,0.0
3,0.0,0.0
4,0.0,0.0
5,0.0,0.0
6,0.0,0.0
7,0.0,35.93227341146797
8,0.2847586649022079,49.64906504028155
9,0.41026154234447865,57.89391469182096
10,0.0,120.23173015622994
11,0.49944754430141436,67.12461990183697
12,0.0,138.83164354166763
13,0.0,134.1010700030547
14,0.0,120.23173015622996
15,0.0,98.16879659158674
16,0.41947065441747877,40.29792158569507
17,0.0,35.932273411468
18,0.0,1.7001972788366957e-14
19,0.0,0.0
20,0.0,0.0
21,0.41741707633591096,0.0
22,0.0,0.0
23,0.0,0.0
0,0.0,0.0
1,0.0,0.0
2,0.0,0.0
3,0.5632126266868841,0.0
4,0.0,0.0
5,0.5467661559557313,0.0
6,0.0,0.0
7,0.0,35.83006599704971
8,0.0,69.21837220838418
9,0.0,97.88956074248583
10,0.0,119.88973748213495
11,0.48849044314128603,68.39886701685246
12,0.0,138.43674441676836
13,0.0,133.71962673953553
14,0.0,119.88973748213496
15,0.0,97.88956074248583
16,0.0,69.21837220838418
17,0.3231096668214649,24.253025310551905
18,0.0,1.6953611593437557e-14
19,0.0,0.0
20,0.3960942851679634,0.0
21,0.0,0.0
22,0.0,0.0
23,0.0,0.0
0,0.0,0.0
1,0.0,0.0
2,0.4408458132677895,0.0
3,0.0,0.0
4,0.0,0.0
5,0.0,0.0
6,0.0,0.0
7,0.5785501168385079,15.05714832192584
8,0.48452679675354654,35.577600816246786
9,0.0,97.6080333063918
10,0.20230247154345335,95.360701740532
11,0.46505425343294565,71.3270195294701
12,0.0,138.03860449846405
13,0.0,133.33505310996878
14,0.0,119.54493819862277
15,0.0,97.6080333063918
16,0.5842366275591615,28.695697866654257
17,0.0,35.72701980357703
18,0.0,1.6904853515781143e-14
19,0.0,0.0
20,0.0,0.0
21,0.0,0.0
22,0.0,0.0
23,0.0,0.0
0,0.0,0.0
1,0.0,0.0
2,0.0,0.0
3,0.0,0.0
4,0.0,0.0
5,0.0,0.0
6,0.0,0.0
7,0.0,35.62316536586089
8,0.0,68.81867088210258
9,0.0,97.3242977059599
10,0.0,119.19743447716256
11,0.0,132.94746307182078
12,0.0,137.6373417642052
13,0.0,132.94746307182078
14,0.520077920997505,57.20548056604354
15,0.36880645351108343,61.43046862856795
16,0.0,68.81867088210258
17,0.4169229166703755,20.771051360495086
18,0.0,1.6855713003468425e-14
19,0.0,0.0
20,0.2250199188109182,0.0
21,0.0,0.0
22,0.0,0.0
23,0.0,0.0
0,0.0,0.0
1,0.0,0.0
2,0.0,0.0
3,0.0,0.0
4,0.0,0.0
5,0.0,0.0
6,0.28368647195825947,0.0
7,0.0,35.51853345821262
8,0.0,68.61653755839988
9,0.0,97.038438018172
10,0.5943528600662562,48.21007921549848
11,0.0,132.5569714763846
12,0.0,137.2330751167998
13,0.0,132.5569714763846
14,0.0,118.84732929060675
15,0.0,97.038438018172
16,0.0,68.61653755839988
17,0.0,35.51853345821266
18,0.0,1.6806204617893715e-14
19,0.0,0.0
20,0.22053147152482966,0.0
21,0.0,0.0
22,0.538193824475728,0.0
23,0.0,0.0
0,0.0,0.0
1,0.0,0.0
2,0.0,0.0
3,0.0,0.0
4,0.0,0.0
5,0.0,0.0
6,0.0,0.0
7,0.0,35.41315508532461
8,0.0,68.41296217459018
9,0.0,96.75053894942299
10,0.0,118.49472638267797
11,0.0,132.16369403474758
12,0.0,136.82592434918035
13,0.0,132.16369403474758
14,0.26603930483551524,86.97047174915576
15,0.0,96.75053894942299
16,0.0,68.41296217459018
17,0.0,35.413155085324654
18,0.0,1.6756343029460163e-14
19,0.0,0.0
20,0.0,0.0
21,0.0,0.0
22,0.0,0.0
23,0.0,0.0
0,0.23601648597321648,0.0
1,0.0,0.0
2,0.0,0.0
3,0.0,0.0
4,0.0,0.0
5,0.42726129375794875,0.0
6,0.0,0.0
7,0.0,35.30706147308295
8,0.0,68.20800505445315
9,0.0,96.46068581042029
10,0.0,118.13973023722764
11,0.0,131.76774728350324
12,0.0,136.41601010890633
13,0.3448488079354154,86.32779670845207
14,0.0,118.13973023722767
15,0.0,96.46068581042029
16,0.46042035439114615,36.803651194968744
17,0.0,35.30706147308299
18,0.0,1.670614301323251e-14
19,0.0,0.0
20,0.0,0.0
21,0.0,0.0
22,0.0,0.0
23,0.0,0.0
0,0.3008788756406284,0.0
1,0.0,0.0
2,0.0,0.0
3,0.0,0.0
4,0.0,0.0
5,0.42114021463803425,0.0
6,0.48272340308285516,0.0
7,0.5425892334441909,16.100988914553348
8,0.0,68.00172693120687
9,0.0,96.16896449090451
10,0.0,117.78244604727514
11,0.0,131.3692485502192
12,0.0,136.00345386241375
13,0.5602200447688143,57.77356224616991
14,0.0,117.78244604727514
15,0.0,96.16896449090451
16,0.0,68.00172693120687
17,0.0,35.20028405931471
18,0.0,1.6655619444558974e-14
19,0.0,0.0
20,0.0,0.0
21,0.0,0.0
22,0.0,0.0
23,0.0,0.0
0,0.5607760601232785,0.0
1,0.0,0.0
2,0.0,0.0
3,0.0,0.0
4,0.0,0.0
5,0.5871732154785032,0.0
6,0.0,0.0
7,0.3845561978405856,21.59767979255044
8,0.0,67.7941889295111
9,0.0,95.87546143419854
10,0.0,117.42297968383674
11,0.0,130.9683159186704
12,0.0,135.5883778590222
13,0.3322980733381972,87.4477968705479
14,0.0,117.42297968383674
15,0.0,95.87546143419854
16,0.0,67.7941889295111
17,0.0,35.092854484471935
18,0.0,1.6604787294663337e-14
19,0.4821212564322834,0.0
20,0.0,0.0
21,0.0,0.0
22,0.0,0.0
23,0.0,0.0
0,0.0,0.0
1,0.0,0.0
2,0.0,0.0
3,0.0,0.0
4,0.47539432588376523,0.0
5,0.0,0.0
6,0.38584354162411916,0.0
7,0.0,34.98480458225618
8,0.0,67.58545254735478
9,0.0,95.58026361159237
10,0.0,117.06143766455385
11,0.0,130.56506819384856
12,0.34659854549837066,88.3208659951849
13,0.0,130.56506819384856
14,0.5246094591651558,55.64990016225666
15,0.5706465918439219,41.03771193409356
16,0.5881688022483762,27.833797873162645
17,0.2665242952374483,25.660504196950527
18,0.0,1.6553661626208673e-14
19,0.0,0.0
20,0.0,0.0
21,0.0,0.0
22,0.0,0.0
23,0.0,0.0
0,0.0,0.0
1,0.0,0.0
2,0.0,0.0
3,0.0,0.0
4,0.0,0.0
5,0.0,0.0
6,0.40602773406888326,0.0
7,0.47022883453287917,18.47638730495835
8,0.0,67.3755796378328
9,0.0,95.28345849657168
10,0.597529861292958,46.96743091566772
11,0.0,130.15962486675713
12,0.0,134.7511592756656
13,0.0,130.15962486675713
14,0.39783474601249813,70.27143692531212
15,0.0,95.28345849657168
16,0.0,67.3755796378328
17,0.0,34.87616637018549
18,0.0,1.6502257588833907e-14
19,0.0,0.0
20,0.3962753253734436,0.0
21,0.0,0.0
22,0.0,0.0
23,0.23702439554023327,0.0
0,0.5870761339925076,0.0
1,0.0,0.0
2,0.0,0.0
3,0.0,0.0
4,0.2327208676322378,0.0
5,0.0,0.0
6,0.0,0.0
7,0.0,34.76697204010656
8,0.0,67.16463239081773
9,0.0,94.98513403889773
10,0.0,116.33255577258262
11,0.0,129.7521060790043
12,0.0,134.32926478163546
13,0.0,129.7521060790043
14,0.0,116.33255577258262
15,0.0,94.98513403889773
16,0.0,67.16463239081773
17,0.37742060957349455,21.64520025970492
18,0.0,1.6450590414664716e-14
19,0.0,0.0
20,0.0,0.0
21,0.0,0.0
22,0.0,0.0
23,0.30318662984816147,0.0
0,0.5411754509769741,0.0
1,0.26762277515478317,0.0
2,0.0,0.0
3,0.0,0.0
4,0.0,0.0
5,0.0,0.0
6,0.43424724189573194,0.0
7,0.37593929151101724,21.628230453480924
8,0.0,66.95267331453145
9,0.0,94.6853786385456
10,0.0,115.96543188332942
11,0.0,129.34263258720168
12,0.4558115106987604,72.86974829142858
13,0.0,129.34263258720168
14,0.44833390542382556,63.97419691291573
15,0.0,94.6853786385456
16,0.0,66.95267331453145
17,0.0,34.65725394865614
18,0.0,1.639867541379987e-14
19,0.0,0.0
20,0.0,0.0
21,0.0,0.0
22,0.0,0.0
23,0.0,0.0
0,0.5114205664049154,0.0
1,0.0,0.0
2,0.0,0.0
3,0.0,0.0
4,0.0,0.0
5,0.0,0.0
6,0.0,0.0
7,0.0,34.547044607672504
8,0.5632157805430884,29.150876257054808
9,0.0,94.3842811195097
10,0.4297317011619224,65.92111306812939
11,0.0,128.9313257271822
12,0.0,133.47953043404544
13,0.0,128.9313257271822
14,0.0,115.59666424110151
15,0.5405291911676658,43.366821987039536
16,0.0,66.73976521702272
17,0.0,34.54704460767254
18,0.0,1.634652796977455e-14
19,0.0,0.0
20,0.0,0.0
21,0.0,0.0
22,0.0,0.0
23,0.0,0.0
0,0.0,0.0
1,0.0,0.0
2,0.2694977603281721,0.0
3,0.0,0.0
4,0.0,0.0
5,0.0,0.0
6,0.0,0.0
7,0.25816620638700905,25.54606794677624
8,0.0,66.52597118755578
9,0.2688387172548662,68.78906513629754
10,0.0,115.22636211970985
11,0.0,128.51830737804517
12,0.0,133.05194237511157
13,0.0,128.51830737804517
14,0.0,115.22636211970988
15,0.0,94.08193070348315
16,0.0,66.52597118755578
17,0.4810449485811102,17.870931627827595
18,0.0,1.629416353500185e-14
19,0.2873397241136443,0.0
20,0.0,0.0
21,0.5194337619028527,0.0
22,0.0,0.0
23,0.0,0.0
0,0.0,0.0
1,0.0,0.0
2,0.0,0.0
3,0.0,0.0
4,0.0,0.0
5,0.0,0.0
6,0.0,0.0
7,0.4590717865643961,18.567513977823893
8,0.34879646645074935,43.18218841557591
9,0.5136003494048266,45.6137892541037
10,0.46050153235098296,61.96389971850197
11,0.0,128.10369992604103
12,0.0,132.6227091558312
13,0.0,128.10369992604103
14,0.0,114.85463524766489
15,0.5109291024319447,45.86429456659232
16,0.0,66.3113545779156
17,0.0,34.3252829426216
18,0.0,1.6241597626193904e-14
19,0.0,0.0
20,0.0,0.0
21,0.23956018694720754,0.0
22,0.0,0.0
23,0.0,0.0
0,0.0,0.0
1,0.0,0.0
2,0.0,0.0
3,0.42462990170367737,0.0
4,0.0,0.0
5,0.0,0.0
6,0.0,0.0
7,0.0,34.21379633132159
8,0.0,66.09597898363539
9,0.21257289244894884,73.60382750750128
10,0.0,114.48159377566124
11,0.0,127.68762622830586
12,0.0,132.1919579672708
13,0.0,127.68762622830586
14,0.0,114.48159377566127
15,0.0,93.47382989698426
16,0.0,66.09597898363539
17,0.0,34.21379633132163
18,0.0,1.6188845819763968e-14
19,0.0,0.0
20,0.0,0.0
21,0.0,0.0
22,0.0,0.0
23,0.0,0.0
0,0.0,0.0
1,0.0,0.0
2,0.42408596396055964,0.0
3,0.0,0.0
4,0.0,0.0
5,0.0,0.0
6,0.0,0.0
7,0.0,34.101949876551096
8,0.0,65.87990822515201
9,0.0,93.1682596999048
10,0.0,114.10734824393808
11,0.0,127.2702095764559
12,0.0,131.75981645030402
13,0.0,127.2702095764559
14,0.5807676281604826,47.83749424862396
15,0.0,93.1682596999048
16,0.0,65.87990822515201
17,0.0,34.10194987655113
18,0.43058862620046895,9.187978508423756e-15
19,0.37163176507493095,0.0
20,0.4496474584088443,0.0
21,0.0,0.0
22,0.0,0.0
23,0.0,0.0
0,0.0,0.0
1,0.0,0.0
2,0.0,0.0
3,0.24506902858700538,0.0
4,0.0,0.0
5,0.0,0.0
6,0.0,0.0
7,0.0,33.98977672082846
8,0.4449472066061632,36.44654609604866
9,0.0,92.8617969392252
10,0.0,113.73200954952321
11,0.0,126.85157366005366
12,0.5063867881207019,64.82445235659715
13,0.0,126.85157366005366
14,0.0,113.73200954952321
15,0.0,92.8617969392252
16,0.0,65.66320632889432
17,0.0,33.989776720828495
18,0.4941707548728564,8.13517440327608e-15
19,0.0,0.0
20,0.3702613678379897,0.0
21,0.0,0.0
22,0.5573072589435423,0.0
23,0.0,0.0
0,0.0,0.0
1,0.5035561285941048,0.0
2,0.0,0.0
3,0.0,0.0
4,0.5168897055098942,0.0
5,0.0,0.0
6,0.0,0.0
7,0.0,33.87731010348061
8,0.0,65.445937508311
9,0.40710701623789425,54.874932891039606
10,0.0,113.35568891337235
11,0.0,126.43184252995607
12,0.2530145347064242,97.77432816243996
13,0.0,126.43184252995607
14,0.0,113.35568891337235
15,0.2987115921495815,64.90742068470291
16,0.0,65.445937508311
17,0.0,33.87731010348064
18,0.0,1.6029631577350155e-14
19,0.0,0.0
20,0.0,0.0
21,0.5111121478922733,0.0
22,0.0,0.0
23,0.0,0.0
0,0.0,0.0
1,0.0,0.0
2,0.0,0.0
3,0.0,0.0
4,0.5056744515876814,0.0
5,0.0,0.0
6,0.0,0.0
7,0.0,33.76458335079348
8,0.0,65.22816614484263
9,0.0,92.24655721076202
10,0.5269243389204725,53.4473775569362
11,0.23409275487311967,96.51284552279708
12,0.0,130.45633228968526
13,0.0,126.01114056155551
14,0.0,112.9784978474116
15,0.44362866871621154,51.323339841697816
16,0.0,65.22816614484263
17,0.0,33.76458335079352
18,0.0,1.5976292976706654e-14
19,0.5519781913688113,0.0
20,0.0,0.0
21,0.0,0.0
22,0.0,0.0
23,0.0,0.0
0,0.392326314574446,0.0
1,0.0,0.0
2,0.39439703737085297,0.0
3,0.0,0.0
4,0.39290717230342664,0.0
5,0.0,0.0
6,0.0,0.0
7,0.0,33.65162986613678
8,0.46370495283272123,34.86451783169001
9,0.0,91.93796255178796
10,0.0,112.60054812149424
11,0.0,125.58959241792475
12,0.0,130.01991353768824
13,0.0,125.58959241792475
14,0.0,112.60054812149427
15,0.0,91.93796255178796
16,0.0,65.0099567688441
17,0.0,33.65162986613682
18,0.0,1.592284709393455e-14
19,0.4567825565476858,0.0
20,0.5239185054627514,0.0
21,0.0,0.0
22,0.0,0.0
23,0.0,0.0
0,0.4522324146394097,0.0
1,0.0,0.0
2,0.0,0.0
3,0.0,0.0
4,0.0,0.0
5,0.0,0.0
6,0.0,0.0
7,0.22237138184651087,26.080484283620827
8,0.4128174218091868,38.04436605360432
9,0.0,91.6288398928107
10,0.0,112.22195173028096
11,0.3711716808539034,78.70875734220363
12,0.0,129.5827480809258
13,0.5066542612894789,61.75076543420593
14,0.0,112.22195173028096
15,0.0,91.6288398928107
16,0.0,64.7913740404629
17,0.0,33.53848312006575
18,0.5233322705558447,7.564387854101637e-15
19,0.0,0.0
20,0.3136847558319988,0.0
21,0.4012537179747895,0.0
22,0.0,0.0
23,0.0,0.0
0,0.0,0.0
1,0.0,0.0
2,0.35879179461051225,0.0
3,0.22056864582697974,0.0
4,0.2552105932288668,0.0
5,0.0,0.0
6,0.0,0.0
7,0.0,33.425176640403066
8,0.0,64.57248273047878
9,0.0,91.31928083354556
10,0.0,111.84282086005317
11,0.0,124.74445747394864
12,0.0,129.14496546095756
13,0.0,124.74445747394864
14,0.0,111.84282086005317
15,0.0,91.31928083354556
16,0.0,64.57248273047878
17,0.0,33.425176640403095
18,0.27458408547726154,1.1472958199897771e-14
19,0.0,0.0
20,0.0,0.0
21,0.0,0.0
22,0.0,0.0
23,0.0,0.0
0,0.37352803481311525,0.0
1,0.0,0.0
2,0.33058312466264234,0.0
3,0.33625276799365456,0.0
4,0.0,0.0
5,0.0,0.0
6,0.0,0.0
7,0.0,33.3117440023041
8,0.0,64.35334770111099
9,0.0,91.00937710302264
10,0.0,111.46326785547005
11,0.5663901041377211,53.9068683759625
12,0.0,128.706695402222
13,0.0,124.32112110532672
14,0.0,111.46326785547006
15,0.5365968250728275,42.17403429768501
16,0.0,64.35334770111099
17,0.0,33.31174400230414
18,0.0,1.5762024255316453e-14
19,0.0,0.0
20,0.0,0.0
21,0.0,0.0
22,0.0,0.0
23,0.0,0.0
0,0.0,0.0
1,0.0,0.0
2,0.45451488934064327,0.0
3,0.0,0.0
4,0.0,0.0
5,0.0,0.0
6,0.0,0.0
7,0.0,33.198218818307566
8,0.0,64.13403388679808
9,0.0,90.6992205324055
10,0.32458220365416535,75.02770874150758
11,0.0,123.89743935071307
12,0.5196334455093283,61.615689767578345
13,0.0,123.89743935071307
14,0.0,111.08340518627834
15,0.0,90.6992205324055
16,0.0,64.13403388679808
17,0.0,33.1982188183076
18,0.0,1.5708307863175028e-14
19,0.0,0.0
20,0.0,0.0
21,0.0,0.0
22,0.0,0.0
23,0.0,0.0
0,0.0,0.0
1,0.0,0.0
2,0.0,0.0
3,0.0,0.0
4,0.0,0.0
5,0.0,0.0
6,0.0,0.0
7,0.0,33.084634728375576
8,0.0,63.91460627495638
9,0.3765612330163951,56.35194625263968
10,0.0,110.703345413985
11,0.0,123.47353775615541
12,0.0,127.82921254991275
13,0.0,123.47353775615541
14,0.4238916624584016,63.77712028674426
15,0.24162561171482053,68.54862904146091
16,0.0,63.91460627495638
17,0.0,33.08463472837561
18,0.0,1.5654563598677727e-14
19,0.0,0.0
20,0.5132643836904538,0.0
21,0.0,0.0
22,0.0,0.0
23,0.0,0.0
0,0.36015495321114566,0.0
1,0.0,0.0
2,0.0,0.0
3,0.0,0.0
4,0.2535406999400351,0.0
5,0.0,0.0
6,0.0,0.0
7,0.0,32.971025389925295
8,0.0,63.69512988672288
9,0.0,90.07851654291937
10,0.28271974710817915,79.13265362680619
11,0.5713568713223405,52.74434063644741
12,0.5176378163575137,61.448243879102876
13,0.4868749288767016,63.13980495598022
14,0.0,110.32320115850291
15,0.0,90.07851654291937
16,0.0,63.69512988672288
17,0.0,32.97102538992533
18,0.0,1.560080738741002e-14
19,0.0,0.0
20,0.0,0.0
21,0.4075646609233347,0.0
22,0.0,0.0
23,0.0,0.0
0,0.0,0.0
1,0.0,0.0
2,0.0,0.0
3,0.0,0.0
4,0.0,0.0
5,0.0,0.0
6,0.0,0.0
7,0.2744246742739706,23.840536460782744
8,0.0,63.47566975768815
9,0.0,89.76815305203831
10,0.0,109.94308506477913
11,0.0,122.62557751989394
12,0.0,126.95133951537633
13,0.43085196974209683,69.79210590468544
14,0.0,109.94308506477915
15,0.0,89.76815305203831
16,0.0,63.47566975768815
17,0.0,32.857424467855644
18,0.0,1.554705515849745e-14
19,0.0,0.0
20,0.0,0.0
21,0.0,0.0
22,0.23530795281860822,0.0
23,0.0,0.0
0,0.0,0.0
1,0.3782761904761637,0.0
2,0.0,0.0
3,0.0,0.0
4,0.0,0.0
5,0.0,0.0
6,0.0,0.0
7,0.0,32.74386562457145
8,0.0,63.25629091862478
9,0.0,89.4579045225372
10,0.0,109.56310976941587
11,0.3599846355770917,78.21101045382623
12,0.0,126.51258183724957
13,0.0,122.20177014710866
14,0.0,109.5631097694159
15,0.4227148735128836,51.64271772756528
16,0.22152326587007423,49.2435507675035
17,0.0,32.743865624571484
18,0.0,1.5493322839885524e-14
19,0.0,0.0
20,0.0,0.0
21,0.0,0.0
22,0.0,0.0
23,0.0,0.0
0,0.33925549827870877,0.0
1,0.0,0.0
2,0.0,0.0
3,0.0,0.0
4,0.0,0.0
5,0.0,0.0
6,0.4914448378893224,0.0
7,0.0,32.63038251000885
8,0.0,63.0370583762173
9,0.0,89.14786288775103
10,0.0,109.18338786729366
11,0.0,121.77824539775989
12,0.0,126.07411675243463
13,0.0,121.77824539775989
14,0.0,109.18338786729366
15,0.33099142077412075,59.640685091557806
16,0.0,63.0370583762173
17,0.0,32.63038251000888
18,0.25520376544306694,1.1499375571142074e-14
19,0.0,0.0
20,0.0,0.0
21,0.0,0.0
22,0.24466502799497103,0.0
23,0.0,0.0
0,0.0,0.0
1,0.0,0.0
2,0.0,0.0
3,0.0,0.0
4,0.0,0.0
5,0.0,0.0
6,0.0,0.0
7,0.4904261479460936,16.569817406855925
8,0.0,62.8180370937995
9,0.0,88.83812001970742
10,0.0,108.80403187820714
11,0.0,121.35512877137127
12,0.0,125.63607418759902
13,0.0,121.35512877137127
14,0.0,108.80403187820714
15,0.0,88.83812001970742
16,0.0,62.8180370937995
17,0.0,32.51700875166387
18,0.0,1.5385981611128258e-14
19,0.3466416644905143,0.0
20,0.0,0.0
21,0.0,0.0
22,0.0,0.0
23,0.0,0.0
0,0.0,0.0
1,0.0,0.0
2,0.0,0.0
3,0.0,0.0
4,0.0,0.0
5,0.0,0.0
6,0.20009332206883257,0.0
7,0.0,32.40377794462782
8,0.0,62.59929197210422
9,0.580358262206438,37.150365923149145
10,0.0,108.42515421352306
11,0.0,120.93254564653083
12,0.0,125.19858394420845
13,0.0,120.93254564653083
14,0.48843560031908223,55.466448925551866
15,0.0,88.528767701903
16,0.0,62.59929197210422
17,0.0,32.40377794462786
18,0.0,1.533240450850561e-14
19,0.0,0.0
20,0.0,0.0
21,0.0,0.0
22,0.0,0.0
23,0.0,0.0
0,0.0,0.0
1,0.0,0.0
2,0.30500307039145486,0.0
3,0.0,0.0
4,0.0,0.0
5,0.0,0.0
6,0.3602205880120799,0.0
7,0.0,32.29072364163264
8,0.4281628625274737,35.671708329720204
9,0.0,88.21989760210589
10,0.2971032222414015,75.94579476163493
11,0.0,120.51062124373854
12,0.0,124.76177566006385
13,0.0,120.51062124373854
14,0.30834751260993143,74.73088441407054
15,0.0,88.21989760210589
16,0.0,62.38088783003191
17,0.0,32.29072364163268
18,0.0,1.5278910921803733e-14
19,0.0,0.0
20,0.0,0.0
21,0.0,0.0
22,0.0,0.0
23,0.0,0.0
0,0.0,0.0
1,0.0,0.0
2,0.0,0.0
3,0.45440984482433316,0.0
4,0.3106632992283782,0.0
5,0.0,0.0
6,0.0,0.0
7,0.0,32.17787934310819
8,0.0,62.162889385443435
9,0.0,87.91160124519263
10,0.0,107.66928276087211
11,0.0,120.08948058830083
12,0.0,124.3257787708869
13,0.31360742985681567,82.42852722816384
14,0.0,107.66928276087212
15,0.0,87.91160124519263
16,0.0,62.162889385443435
17,0.0,32.17787934310822
18,0.0,1.522551670232686e-14
19,0.0,0.0
20,0.0,0.0
21,0.0,0.0
22,0.0,0.0
23,0.24281169764659102,0.0
0,0.0,0.0
1,0.0,0.0
2,0.0,0.0
3,0.0,0.0
4,0.0,0.0
5,0.0,0.0
6,0.0,0.0
7,0.0,32.0652784872555
8,0.0,61.9453612359827
9,0.0,87.60396998602732
10,0.0,107.29251295392964
11,0.0,119.66924847328283
12,0.4124557754206654,72.79127846736445
13,0.0,119.66924847328283
14,0.0,107.29251295392966
15,0.0,87.60396998602732
16,0.0,61.9453612359827
17,0.0,32.06527848725553
18,0.5665192823575577,6.576872474271887e-15
19,0.0,0.0
20,0.0,0.0
21,0.0,0.0
22,0.0,0.0
23,0.0,0.0
0,0.0,0.0
1,0.0,0.0
2,0.0,0.0
3,0.0,0.0
4,0.0,0.0
5,0.0,0.0
6,0.0,0.0
7,0.0,31.95295444013827
8,0.2563450066799377,45.904608973665226
9,0.0,87.29709498239131
10,0.0,106.91666936706818
11,0.0,119.25004942252959
12,0.0,123.45673567987006
13,0.0,119.25004942252959
14,0.0,106.9166693670682
15,0.0,87.29709498239131
16,0.0,61.72836783993502
17,0.0,31.952954440138306
18,0.0,1.511908961835337e-14
19,0.0,0.0
20,0.0,0.0
21,0.0,0.0
22,0.0,0.0
23,0.0,0.0
0,0.0,0.0
1,0.0,0.0
2,0.5044690013034633,0.0
3,0.0,0.0
4,0.0,0.0
5,0.38635171095777826,0.0
6,0.31340664694121284,0.0
7,0.5778743630614516,13.440877283288984
8,0.0,61.51197349712678
9,0.245273871395478,65.65443134685876
10,0.0,106.54186337085385
11,0.0,118.83200765376694
12,0.2276363711251914,95.0192221389838
13,0.22413884473670986,92.19713874050777
14,0.0,106.54186337085385
15,0.0,86.99106716797108
16,0.0,61.51197349712678
17,0.0,31.840940485795873
18,0.0,1.506608829049863e-14
19,0.0,0.0
20,0.0,0.0
21,0.0,0.0
22,0.0,0.0
23,0.39929527654376623,0.0
0,0.0,0.0
1,0.5305232080757619,0.0
2,0.0,0.0
3,0.0,0.0
4,0.31289386320451146,0.0
5,0.0,0.0
6,0.40319276728889364,0.0
7,0.0,31.729269816380324
8,0.0,61.2962423298719
9,0.0,86.68597722541267
10,0.0,106.16820602839225
11,0.0,118.41524704179301
12,0.0,122.59248465974383
13,0.2185463684103989,92.5360248363889
14,0.0,106.16820602839225
15,0.0,86.68597722541267
16,0.0,61.2962423298719
17,0.0,31.72926981638036
18,0.0,1.5013249393807627e-14
19,0.0,0.0
20,0.0,0.0
21,0.0,0.0
22,0.4288709481957449,0.0
23,0.0,0.0
0,0.0,0.0
1,0.0,0.0
2,0.5996299868969799,0.0
3,0.0,0.0
4,0.5037895475757527,0.0
5,0.0,0.0
6,0.2733952312672173,0.0
7,0.0,31.61797552232112
8,0.0,61.081238263971116
9,0.0,86.3819155594504
10,0.46336066074294396,56.77419253478242
11,0.5322816171198388,55.190718236801345
12,0.0,122.16247652794223
13,0.0,117.99989108177155
14,0.0,105.7958080624182
15,0.0,86.3819155594504
16,0.0,61.081238263971116
17,0.0,31.617975522321153
18,0.0,1.4960588585585812e-14
19,0.0,0.0
20,0.0,0.0
21,0.49059171369994253,0.0
22,0.0,0.0
23,0.0,0.0
0,0.0,0.0
1,0.2718788572158386,0.0
2,0.0,0.0
3,0.0,0.0
4,0.586784313862786,0.0
5,0.0,0.0
6,0.0,0.0
7,0.0,31.507090582519492
8,0.0,60.86702500976932
9,0.0,86.07897227011814
10,0.0,105.42477982248602
11,0.0,117.58606285263765
12,0.0,121.73405001953864
13,0.0,117.58606285263765
14,0.0,105.42477982248602
15,0.0,86.07897227011814
16,0.3720057206965113,38.22414350435751
17,0.0,31.507090582519528
18,0.0,1.4908121470367182e-14
19,0.0,0.0
20,0.33409978622138714,0.0
21,0.21791047503158995,0.0
22,0.0,0.0
23,0.0,0.0
0,0.4341581904709658,0.0
1,0.0,0.0
2,0.0,0.0
3,0.0,0.0
4,0.0,0.0
5,0.3940111055123313,0.0
6,0.0,0.0
7,0.0,31.396647854576184
8,0.5391188405329945,27.954131931949952
9,0.0,85.77723712605054
10,0.0,105.05523125227059
11,0.0,117.17388498062674
12,0.49633644711366404,61.098081869876225
13,0.3243748483369309,79.16562381098697
14,0.0,105.0552312522706
15,0.0,85.77723712605054
16,0.39638043908086573,36.61173926517856
17,0.3397969923478109,20.72816134378787
18,0.0,1.4855863595290288e-14
19,0.0,0.0
20,0.0,0.0
21,0.0,0.0
22,0.0,0.0
23,0.5952112619082255,0.0
0,0.0,0.0
1,0.0,0.0
2,0.0,0.0
3,0.4748688415867916,0.0
4,0.2644458080901491,0.0
5,0.0,0.0
6,0.0,0.0
7,0.0,31.286680065055055
8,0.0,60.44122458736005
9,0.0,85.47679953788277
10,0.0,104.68727185698886
11,0.0,116.76347960293784
12,0.0,120.8824491747201
13,0.0,116.76347960293784
14,0.0,104.68727185698886
15,0.0,85.47679953788277
16,0.0,60.44122458736005
17,0.0,31.28668006505509
18,0.0,1.4803830445491358e-14
19,0.0,0.0
20,0.0,0.0
21,0.0,0.0
22,0.0,0.0
23,0.0,0.0
0,0.0,0.0
1,0.0,0.0
2,0.0,0.0
3,0.0,0.0
4,0.0,0.0
5,0.0,0.0
6,0.3232320996733202,0.0
7,0.2033770850107971,24.836487718164157
8,0.0,60.22976359300726
9,0.0,85.17774853175615
10,0.0,104.3210106709508
11,0.5103380242138156,56.97460368576158
12,0.0,120.45952718601455
13,0.0,116.3549683315416
14,0.0,104.32101067095081
15,0.0,85.17774853175615
16,0.0,60.22976359300726
17,0.0,31.17721979978546
18,0.29698432646671924,1.0370913536529255e-14
19,0.0,0.0
20,0.0,0.0
21,0.0,0.0
22,0.0,0.0
23,0.0,0.0
0,0.0,0.0
1,0.0,0.0
2,0.28255779813604065,0.0
3,0.0,0.0
4,0.0,0.0
5,0.0,0.0
6,0.0,0.0
7,0.2084338425397766,24.59261444945224
8,0.2683420122769549,43.91363371444269
9,0.0,84.8801727229379
10,0.0,103.95655622525045
11,0.0,115.94847221714417
12,0.0,120.03869144134963
13,0.0,115.94847221714417
14,0.0,103.95655622525047
15,0.0,84.8801727229379
16,0.0,60.019345720674806
17,0.5944458192852933,12.599878747571964
18,0.0,1.470049992474856e-14
19,0.0,0.0
20,0.0,0.0
21,0.5604625110927686,0.0
22,0.0,0.0
23,0.0,0.0
0,0.0,0.0
1,0.49646988250660856,0.0
2,0.0,0.0
3,0.0,0.0
4,0.0,0.0
5,0.0,0.0
6,0.0,0.0
7,0.0,30.959951423754738
8,0.0,59.810033321719416
9,0.0,84.58416028956235
10,0.0,103.59401651560559
11,0.3301716318640908,77.39472379664439
12,0.21531875067642728,93.86362333794263
13,0.0,115.54411171331708
14,0.0,103.59401651560559
15,0.0,84.58416028956235
16,0.0,59.810033321719416
17,0.0,30.959951423754767
18,0.0,1.4649233172868046e-14
19,0.0,0.0
20,0.0,0.0
21,0.0,0.0
22,0.0,0.0
23,0.0,0.0
0,0.0,0.0
1,0.0,0.0
2,0.0,0.0
3,0.0,0.0
4,0.0,0.0
5,0.0,0.0
6,0.3583698427586419,0.0
7,0.0,30.85220769430254
8,0.0,59.601888419922254
9,0.0,84.289798946502
10,0.0,103.23349897035646
11,0.0,115.14200664080455
12,0.0,119.20377683984454
13,0.0,115.14200664080455
14,0.21191537122349724,81.35673371335288
15,0.0,84.289798946502
16,0.0,59.601888419922254
17,0.0,30.852207694302574
18,0.2797630071192653,1.0514201392113871e-14
19,0.0,0.0
20,0.0,0.0
21,0.44008264391999896,0.0
22,0.3094453612067795,0.0
23,0.0,0.0
0,0.0,0.0
1,0.0,0.0
2,0.0,0.0
3,0.0,0.0
4,0.2503357237022881,0.0
5,0.25915682087307057,0.0
6,0.0,0.0
7,0.5314338567016259,14.406113041330991
8,0.0,59.39497269310983
9,0.0,83.99717591937556
10,0.0,102.8751104186323
11,0.0,114.74227615201752
12,0.0,118.78994538621966
13,0.0,114.74227615201752
14,0.0,102.87511041863232
15,0.0,83.99717591937556
16,0.0,59.39497269310983
17,0.0,30.745100232642
18,0.0,1.4547572638812282e-14
19,0.0,0.0
20,0.0,0.0
21,0.0,0.0
22,0.0,0.0
23,0.0,0.0
0,0.0,0.0
1,0.0,0.0
2,0.0,0.0
3,0.25105742681169235,0.0
4,0.0,0.0
5,0.0,0.0
6,0.0,0.0
7,0.0,30.638660777025503
8,0.0,59.18934745487764
9,0.5922082403840574,34.13477114254434
10,0.47846690764941185,53.467028699378716
11,0.22607459749676104,88.49453009683889
12,0.0,118.37869490975531
13,0.3039478411097586,79.59011104254891
14,0.0,102.5189570586957
15,0.0,83.7063779187014
16,0.0,59.18934745487764
17,0.0,30.63866077702553
18,0.0,1.4497208980847292e-14
19,0.0,0.0
20,0.0,0.0
21,0.0,0.0
22,0.0,0.0
23,0.0,0.0
0,0.0,0.0
1,0.21912068648399063,0.0
2,0.3636136649125792,0.0
3,0.0,0.0
4,0.2574052531184675,0.0
5,0.0,0.0
6,0.0,0.0
7,0.0,30.53292086776098
8,0.0,58.985073636421504
9,0.0,83.41749111420302
10,0.39221778751910963,62.094157517951814
11,0.0,113.950411981964
12,0.0,117.97014727284304
13,0.0,113.950411981964
14,0.0,102.16514442647359
15,0.0,83.41749111420302
16,0.0,58.985073636421504
17,0.0,30.532920867761007
18,0.5873569387942608,5.96152706463557e-15
19,0.0,0.0
20,0.0,0.0
21,0.0,0.0
22,0.0,0.0
23,0.3963376867415599,0.0
0,0.0,0.0
1,0.0,0.0
2,0.0,0.0
3,0.0,0.0
4,0.36030642330722584,0.0
5,0.0,0.0
6,0.0,0.0
7,0.3434427560869047,19.977665934299665
8,0.0,58.78221176848245
9,0.4587879060408708,44.99128669843196
10,0.0,101.81377736428479
11,0.0,113.55851294714084
12,0.0,117.5644235369649
13,0.0,113.55851294714084
14,0.0,101.8137773642848
15,0.5502220581395862,37.39031067254885
16,0.0,58.78221176848245
17,0.0,30.427911837865608
18,0.0,1.439748949781478e-14
19,0.0,0.0
20,0.0,0.0
21,0.0,0.0
22,0.0,0.0
23,0.0,0.0
0,0.0,0.0
1,0.0,0.0
2,0.0,0.0
3,0.0,0.0
4,0.0,0.0
5,0.0,0.0
6,0.0,0.0
7,0.0,30.323664803781117
8,0.5354883872783971,27.211472084780684
9,0.5695389595017177,35.66188621936221
10,0.0,101.46495998977296
11,0.0,113.16945771939929
12,0.0,117.16164392682008
13,0.0,113.16945771939929
14,0.3754135082312966,63.37364339746416
15,0.0,82.84579291561816
16,0.23461817711332605,44.83669630055448
17,0.4153804855803883,17.727806193009606
18,0.0,1.4348163221782216e-14
19,0.32874800039015606,0.0
20,0.3345930285925881,0.0
21,0.0,0.0
22,0.0,0.0
23,0.0,0.0
0,0.0,0.0
1,0.0,0.0
2,0.30864610575571444,0.0
3,0.0,0.0
4,0.346671474728978,0.0
5,0.0,0.0
6,0.0,0.0
7,0.0,30.220210656153654
8,0.0,58.38096389734985
9,0.0,82.5631509280462
10,0.0,101.11879566505428
11,0.0,112.78336158419985
12,0.46084101291485485,62.953242719899166
13,0.0,112.78336158419985
14,0.0,101.1187956650543
15,0.0,82.5631509280462
16,0.0,58.38096389734985
17,0.0,30.220210656153693
18,0.0,1.4299212113605338e-14
19,0.0,0.0
20,0.0,0.0
21,0.4197695204863572,0.0
22,0.5890172879735868,0.0
23,0.0,0.0
0,0.0,0.0
1,0.0,0.0
2,0.2241505861906805,0.0
3,0.0,0.0
4,0.0,0.0
5,0.0,0.0
6,0.0,0.0
7,0.0,30.117580050679848
8,0.0,58.18269679256017
9,0.0,82.28275889948019
10,0.0,100.77538696608899
11,0.0,112.40033895016005
12,0.5182755390502616,56.056056497996266
13,0.0,112.40033895016005
14,0.0,100.77538696608899
15,0.0,82.28275889948019
16,0.0,58.18269679256017
17,0.0,30.117580050679884
18,0.0,1.4250650678553963e-14
19,0.0,0.0
20,0.0,0.0
21,0.0,0.0
22,0.0,0.0
23,0.0,0.0
0,0.0,0.0
1,0.0,0.0
2,0.0,0.0
3,0.0,0.0
4,0.0,0.0
5,0.0,0.0
6,0.0,0.0
7,0.3172862354573807,20.492202134318173
8,0.0,57.98607939986312
9,0.0,82.00469991612958
10,0.564696661276314,43.71961928360477
11,0.0,112.02050331515262
12,0.0,115.97215879972624
13,0.0,112.02050331515262
14,0.0,100.43483565228597
15,0.35251885900194313,53.09649666889884
16,0.0,57.98607939986312
17,0.0,30.015803399023078
18,0.0,1.4202493306429331e-14
19,0.0,0.0
20,0.4326618077339297,0.0
21,0.0,0.0
22,0.0,0.0
23,0.0,0.0
0,0.0,0.0
1,0.0,0.0
2,0.0,0.0
3,0.0,0.0
4,0.337100127038472,0.0
5,0.0,0.0
6,0.0,0.0
7,0.0,29.914910859801658
8,0.0,57.79116998123546
9,0.5622353427327621,35.77809235184512
10,0.0,100.09724263634915
11,0.0,111.64396723267375
12,0.0,115.58233996247095
13,0.0,111.64396723267375
14,0.33942443943466644,66.12179216555056
15,0.0,81.72905637287208
16,0.0,57.79116998123546
17,0.0,29.914910859801687
18,0.0,1.4154754267300124e-14
19,0.0,0.0
20,0.3274088662023542,0.0
21,0.0,0.0
22,0.0,0.0
23,0.0,0.0
0,0.0,0.0
1,0.31486679924619587,0.0
2,0.0,0.0
3,0.0,0.0
4,0.24748128903788136,0.0
5,0.0,0.0
6,0.0,0.0
7,0.0,29.81493232965249
8,0.0,57.59802629254447
9,0.0,81.45590994883851
10,0.0,99.76270795437506
11,0.0,111.270842278491
12,0.0,115.19605258508894
13,0.0,111.270842278491
14,0.0,99.76270795437509
15,0.0,81.45590994883851
16,0.0,57.59802629254447
17,0.0,29.814932329652525
18,0.0,1.4107447707273935e-14
19,0.25251109371553065,0.0
20,0.48842849276871914,0.0
21,0.27375533029071486,0.0
22,0.38610888445401076,0.0
23,0.0,0.0
0,0.0,0.0
1,0.41587661436703693,0.0
2,0.0,0.0
3,0.2699519940844011,0.0
4,0.0,0.0
5,0.0,0.0
6,0.0,0.0
7,0.0,29.715897434371737
8,0.0,57.40670556643344
9,0.0,81.18534158320924
10,0.0,99.43133073620982
11,0.0,110.90123901758098
12,0.0,114.8134111328669
13,0.2012528002830325,88.58205411043492
14,0.2583988808819599,73.73838614936918
15,0.21999180014894637,63.32523214261193
16,0.0,57.40670556643344
17,0.0,29.715897434371772
18,0.0,1.4060587644305453e-14
19,0.0,0.0
20,0.2710148933638439,0.0
21,0.0,0.0
22,0.0,0.0
23,0.0,0.0
0,0.0,0.0
1,0.0,0.0
2,0.0,0.0
3,0.0,0.0
4,0.0,0.0
5,0.5354931281457991,0.0
6,0.0,0.0
7,0.0,29.617835520136225
8,0.0,57.21726449536259
9,0.5066349503157197,39.921832588260614
10,0.0,99.10320917607484
11,0.0,110.53526697136657
12,0.0,114.4345289907252
13,0.0,110.53526697136657
14,0.0,99.10320917607486
15,0.0,80.91743145123037
16,0.5500462216027848,25.74512434924123
17,0.4940927357664629,14.983878140511015
18,0.3216805980070112,9.506095599186758e-15
19,0.0,0.0
20,0.0,0.0
21,0.0,0.0
22,0.0,0.0
23,0.29970017846572755,0.0
0,0.0,0.0
1,0.0,0.0
2,0.0,0.0
3,0.0,0.0
4,0.0,0.0
5,0.0,0.0
6,0.3926644340193213,0.0
7,0.0,29.520775644807486
8,0.0,57.029759214809744
9,0.0,80.65225894045594
10,0.0,98.77844050346985
11,0.5257369016689439,52.25100473494164
12,0.0,114.05951842961952
13,0.3910104030682251,67.09423192483007
14,0.0,98.77844050346987
15,0.2852453839037547,57.646574376280554
16,0.0,57.029759214809744
17,0.4140601980640094,17.297397434315332
18,0.0,1.3968262415712206e-14
19,0.0,0.0
20,0.0,0.0
21,0.0,0.0
22,0.0,0.0
23,0.0,0.0
0,0.0,0.0
1,0.0,0.0
2,0.0,0.0
3,0.0,0.0
4,0.5813270748675954,0.0
5,0.0,0.0
6,0.0,0.0
7,0.0,29.424746569321314
8,0.0,56.84424528663623
9,0.0,80.38990262722386
10,0.0,98.45712095436164
11,0.0,109.81464919654519
12,0.0,113.68849057327249
13,0.5063321031291663,54.211966914466835
14,0.5676850516599214,42.56448515909773
15,0.0,80.38990262722386
16,0.0,56.84424528663623
17,0.0,29.424746569321346
18,0.0,1.3922824608045219e-14
19,0.0,0.0
20,0.0,0.0
21,0.0,0.0
22,0.0,0.0
23,0.40595641523778747,0.0
0,0.0,0.0
1,0.0,0.0
2,0.0,0.0
3,0.0,0.0
4,0.0,0.0
5,0.0,0.0
6,0.5613114071772184,0.0
7,0.0,29.32977674916524
8,0.0,56.660777682622665
9,0.0,80.13044025337177
10,0.0,98.13934574266723
11,0.4608286340377075,59.01781471978685
12,0.0,113.32155536524536
13,0.544790441087492,49.82733710019229
14,0.0,98.13934574266723
15,0.0,80.13044025337177
16,0.0,56.660777682622665
17,0.3014381064197511,20.488664384182847
18,0.0,1.387788800524473e-14
19,0.0,0.0
20,0.0,0.0
21,0.0,0.0
22,0.0,0.0
23,0.0,0.0
0,0.0,0.0
1,0.0,0.0
2,0.0,0.0
3,0.0,0.0
4,0.0,0.0
5,0.21109410808274665,0.0
6,0.0,0.0
7,0.0,29.235894325946607
8,0.0,56.479410768179704
9,0.0,79.87394870320078
10,0.0,97.82520903204002
11,0.0,109.10984302914738
12,0.0,112.95882153635944
13,0.25653716096190515,81.1191136654508
14,0.0,97.82520903204004
15,0.0,79.87394870320078
16,0.0,56.479410768179704
17,0.0,29.23589432594664
18,0.3315088554725883,9.247549467644525e-15
19,0.33106373376588927,0.0
20,0.49279341842167695,0.0
21,0.0,0.0
22,0.0,0.0
23,0.0,0.0
0,0.0,0.0
1,0.0,0.0
2,0.0,0.0
3,0.0,0.0
4,0.0,0.0
5,0.0,0.0
6,0.0,0.0
7,0.4821639281640396,15.091362468346741
8,0.36764410707477957,35.60176215916118
9,0.0,79.6205039806927
10,0.24455116924059386,73.66744459400641
11,0.0,108.76363109974626
12,0.0,112.60039657247661
13,0.0,108.76363109974626
14,0.0,97.51480390796699
15,0.0,79.6205039806927
16,0.48892340291225717,28.773713755495844
17,0.0,29.14312711905358
18,0.0,1.3789571524520609e-14
19,0.0,0.0
20,0.312017607194268,0.0
21,0.0,0.0
22,0.0,0.0
23,0.0,0.0
0,0.4064439715831917,0.0
1,0.0,0.0
2,0.369644536626358,0.0
3,0.3142474389885294,0.0
4,0.33211004559769597,0.0
5,0.0,0.0
6,0.4985025161990852,0.0
7,0.0,29.051502617411554
8,0.0,56.123193341324566
9,0.5999698002629413,31.750469433397576
10,0.0,97.20822235018545
11,0.0,108.42168380440015
12,0.0,112.24638668264915
13,0.0,108.42168380440015
14,0.4371197319604231,54.7165902521232
15,0.0,79.3701811869886
16,0.0,56.123193341324566
17,0.0,29.051502617411582
18,0.591961107701682,5.608991491207975e-15
19,0.20038953690334815,0.0
20,0.0,0.0
21,0.0,0.0
22,0.0,0.0
23,0.0,0.0
0,0.4589674273402863,0.0
1,0.0,0.0
2,0.38254425709192363,0.0
3,0.0,0.0
4,0.5477457113531987,0.0
5,0.0,0.0
6,0.3519193979204421,0.0
7,0.0,28.961047971337877
8,0.0,55.94844838382376
9,0.0,79.12305449813465
10,0.0,96.90555520542759
11,0.0,108.08410246947253
12,0.0,111.89689676764752
13,0.0,108.08410246947253
14,0.0,96.9055552054276
15,0.0,79.12305449813465
16,0.0,55.94844838382376
17,0.0,28.96104797133791
18,0.0,1.3703417646102137e-14
19,0.0,0.0
20,0.41460660434011753,0.0
21,0.0,0.0
22,0.0,0.0
23,0.0,0.0
0,0.20621974269666052,0.0
1,0.0,0.0
2,0.0,0.0
3,0.0,0.0
4,0.0,0.0
5,0.0,0.0
6,0.0,0.0
7,0.0,28.871789984496324
8,0.34737064242804444,36.40106496426977
9,0.0,78.87919714310222
10,0.5285103616342344,45.5491486483949
11,0.21500257920375768,84.58424698341396
12,0.0,111.55203038887623
13,0.0,107.75098712759855
14,0.0,96.60689216050052
15,0.0,78.87919714310222
16,0.2509420432190716,41.779467978927826
17,0.0,28.87178998449636
18,0.0,1.3661183695412556e-14
19,0.0,0.0
20,0.0,0.0
21,0.0,0.0
22,0.38070981756157796,0.0
23,0.2689028799787205,0.0
0,0.0,0.0
1,0.0,0.0
2,0.0,0.0
3,0.0,0.0
4,0.0,0.0
5,0.0,0.0
6,0.421465253292606,0.0
7,0.0,28.783755105954732
8,0.5456650526371005,25.263724035050085
9,0.0,78.63868138208842
10,0.0,96.31232171571004
11,0.0,107.42243648804318
12,0.0,111.21188973768606
13,0.0,107.42243648804318
14,0.3836602956470949,59.36110789180261
15,0.0,78.63868138208842
16,0.0,55.605944868843025
17,0.0,28.78375510595477
18,0.0,1.3619528479438562e-14
19,0.0,0.0
20,0.3096952633297211,0.0
21,0.0,0.0
22,0.0,0.0
23,0.0,0.0
0,0.0,0.0
1,0.0,0.0
2,0.0,0.0
3,0.5353343787694584,0.0
4,0.0,0.0
5,0.0,0.0
6,0.4181678156959218,0.0
7,0.0,28.69696942234757
8,0.0,55.438287802546405
9,0.5772160503201607,33.14692901306621
10,0.4792962395547061,49.99898063952108
11,0.0,107.09854790745166
12,0.0,110.87657560509284
13,0.0,107.09854790745166
14,0.0,96.02193115863636
15,0.4722844621153229,41.37373116127443
16,0.0,55.438287802546405
17,0.0,28.696969422347603
18,0.20710804717237175,1.0766255108147826e-14
19,0.0,0.0
20,0.20968839517414445,0.0
21,0.0,0.0
22,0.0,0.0
23,0.0,0.0
0,0.33118808569031927,0.0
1,0.0,0.0
2,0.0,0.0
3,0.0,0.0
4,0.0,0.0
5,0.27149389472520824,0.0
6,0.21261257317521204,0.0
7,0.44174679739037814,15.972438422776708
8,0.3486354778589797,36.00293224949449
9,0.0,78.16795871085459
10,0.23239047153426384,73.48771731412732
11,0.0,106.77941736100048
12,0.0,110.54618735191069
13,0.0,106.77941736100048
14,0.0,95.73580653826865
15,0.0,78.16795871085459
16,0.0,55.27309367595533
17,0.0,28.61145865014591
18,0.2675670411837171,9.915679923235827e-15
19,0.0,0.0
20,0.0,0.0
21,0.0,0.0
22,0.32643423533467236,0.0
23,0.5443150510748567,0.0
0,0.20226001521438797,0.0
1,0.0,0.0
2,0.23188573897160247,0.0
3,0.0,0.0
4,0.5665276250015074,0.0
5,0.0,0.0
6,0.0,0.0
7,0.45152113000382166,15.646592817366296
8,0.0,55.110411439654705
9,0.4120881867146022,45.820606989546064
10,0.0,95.45403263950703
11,0.0,106.46513941395803
12,0.2414260985211775,83.61063963576402
13,0.0,106.46513941395803
14,0.0,95.45403263950706
15,0.0,77.93789128592107
16,0.0,55.110411439654705
17,0.0,28.52724812803697
18,0.32492517536185217,9.11226650562361e-15
19,0.0,0.0
20,0.0,0.0
21,0.0,0.0
22,0.0,0.0
23,0.20810768582339187,0.0
0,0.0,0.0
1,0.0,0.0
2,0.0,0.0
3,0.0,0.0
4,0.0,0.0
5,0.4959327890503848,0.0
6,0.0,0.0
7,0.0,28.444362809415853
8,0.0,54.950289299902096
9,0.0,77.71144438424672
10,0.0,95.17669295803887
11,0.5106041937279597,51.952206852001744
12,0.0,109.9005785998042
13,0.0,106.15580719366258
14,0.0,95.17669295803888
15,0.0,77.71144438424672
16,0.0,54.950289299902096
17,0.0,28.44436280941588
18,0.0,1.3458939180669234e-14
19,0.0,0.0
20,0.0,0.0
21,0.0,0.0
22,0.0,0.0
23,0.0,0.0
0,0.0,0.0
1,0.0,0.0
2,0.0,0.0
3,0.0,0.0
4,0.0,0.0
5,0.0,0.0
6,0.0,0.0
7,0.0,28.36282725499135
8,0.0,54.792774704343245
9,0.5478270272244627,35.0382891012706
10,0.0,94.90386967559726
11,0.0,105.85151236192704
12,0.0,109.58554940868649
13,0.0,105.85151236192704
14,0.0,94.90386967559729
15,0.0,77.48868510693568
16,0.5518631370393199,24.554662168915687
17,0.0,28.362827254991377
18,0.4280572596840879,7.67567703495395e-15
19,0.4501958459952349,0.0
20,0.0,0.0
21,0.4348603092195035,0.0
22,0.2416550504231455,0.0
23,0.0,0.0
0,0.0,0.0
1,0.47281679532471244,0.0
2,0.0,0.0
3,0.0,0.0
4,0.0,0.0
5,0.0,0.0
6,0.0,0.0
7,0.0,28.282665625507878
8,0.0,54.63791432795224
9,0.0,77.26967946236931
10,0.29580687417117874,66.64176970658174
11,0.0,105.5523450878772
12,0.0,109.2758286559045
13,0.0,105.5523450878772
14,0.0,94.63564363560884
15,0.0,77.26967946236931
16,0.0,54.63791432795224
17,0.0,28.282665625507903
18,0.0,1.3382429378762806e-14
19,0.0,0.0
20,0.25323497628363767,0.0
21,0.0,0.0
22,0.0,0.0
23,0.0,0.0
0,0.0,0.0
1,0.0,0.0
2,0.0,0.0
3,0.36264348654636397,0.0
4,0.0,0.0
5,0.0,0.0
6,0.5577178702492122,0.0
7,0.0,28.20390167458628
8,0.0,54.48575405920079
9,0.0,77.05449234664667
10,0.0,94.37209431923795
11,0.0,105.25839402123297
12,0.0,108.97150811840157
13,0.0,105.25839402123297
14,0.0,94.37209431923796
15,0.0,77.05449234664667
16,0.0,54.48575405920079
17,0.37160565633647713,17.723172281552202
18,0.0,1.3345160861546032e-14
19,0.0,0.0
20,0.0,0.0
21,0.0,0.0
22,0.0,0.0
23,0.0,0.0
0,0.0,0.0
1,0.0,0.0
2,0.0,0.0
3,0.0,0.0
4,0.0,0.0
5,0.0,0.0
6,0.0,0.0
7,0.38114176951014644,17.40635237264816
8,0.4649910377827347,29.070428331831703
9,0.0,76.84318752435424
10,0.0,94.11329982183497
11,0.0,104.96974626603934
12,0.3531122474774683,70.29902441450756
13,0.0,104.96974626603934
14,0.0,94.113299821835
15,0.0,76.84318752435424
16,0.0,54.33633898646038
17,0.21454536051766643,22.092136056328975
18,0.3659379631552747,8.438455656018425e-15
19,0.0,0.0
20,0.37409414518739015,0.0
21,0.0,0.0
22,0.0,0.0
23,0.0,0.0
0,0.0,0.0
1,0.0,0.0
2,0.0,0.0
3,0.0,0.0
4,0.2342771346123338,0.0
5,0.0,0.0
6,0.5607335333430499,0.0
7,0.0,28.050659745184536
8,0.0,54.18971338464175
9,0.0,76.63582760967121
10,0.0,93.85933682979476
11,0.0,104.68648735485576
12,0.0,108.37942676928351
13,0.0,104.68648735485576
14,0.0,93.85933682979477
15,0.0,76.63582760967121
16,0.0,54.18971338464175
17,0.2782304424977861,20.24611227192703
18,0.5803029615688817,5.57049265621481e-15
19,0.0,0.0
20,0.0,0.0
21,0.0,0.0
22,0.0,0.0
23,0.0,0.0
0,0.0,0.0
1,0.0,0.0
2,0.4454072277497393,0.0
3,0.4726289217753931,0.0
4,0.0,0.0
5,0.0,0.0
6,0.499609593313849,0.0
7,0.2850975826605945,20.00027243586944
8,0.0,54.04592070207513
9,0.524946202036777,36.30953708414022
10,0.0,93.61028059783273
11,0.0,104.40870122341077
12,0.0,108.09184140415026
13,0.4615924653636874,56.21443142027595
14,0.5610168554117403,41.09333534262598
15,0.0,76.43247404781548
16,0.0,54.04592070207513
17,0.0,27.976227175595312
18,0.0,1.3237432758953597e-14
19,0.0,0.0
20,0.0,0.0
21,0.0,0.0
22,0.0,0.0
23,0.0,0.0
0,0.0,0.0
1,0.0,0.0
2,0.0,0.0
3,0.0,0.0
4,0.0,0.0
5,0.0,0.0
6,0.0,0.0
7,0.5826887799593707,11.64435310896546
8,0.0,53.90500354763565
9,0.0,76.23318709683615
10,0.2917091998055872,66.13042399863761
11,0.0,104.13647018573026
12,0.0,107.81000709527132
13,0.0,104.13647018573026
14,0.0,93.36620492668554
15,0.26447338169964674,56.07153830759402
16,0.0,53.90500354763565
17,0.42213427185040636,16.12435099992805
18,0.0,1.3202918010527745e-14
19,0.0,0.0
20,0.0,0.0
21,0.0,0.0
22,0.0,0.0
23,0.0,0.0
0,0.524424728763103,0.0
1,0.26820880230597366,0.0
2,0.0,0.0
3,0.0,0.0
4,0.26580550816126575,0.0
5,0.2672417520159742,0.0
6,0.0,0.0
7,0.0,27.831849099988162
8,0.0,53.76700367811745
9,0.31066458783013806,52.415703862151986
10,0.0,93.12718214124213
11,0.0,103.86987490974596
12,0.0,107.53400735623491
13,0.3473324673857012,67.79249497029976
14,0.0,93.12718214124216
15,0.0,76.03802580975778
16,0.0,53.76700367811745
17,0.0,27.831849099988197
18,0.0,1.3169117790830103e-14
19,0.0,0.0
20,0.553737646986892,0.0
21,0.0,0.0
22,0.0,0.0
23,0.0,0.0
0,0.0,0.0
1,0.0,0.0
2,0.3378871036918355,0.0
3,0.34864384182942854,0.0
4,0.2219455578515448,0.0
5,0.0,0.0
6,0.4828463236176189,0.0
7,0.41287469088869644,16.299741347722456
8,0.0,53.631961985860116
9,0.44553263122407294,42.054713143452666
10,0.0,92.89328306911234
11,0.0,103.6089943933917
12,0.0,107.26392397172025
13,0.39101723491576,63.096091893285184
14,0.0,92.89328306911236
15,0.35005479926023175,49.296424848980976
16,0.0,53.631961985860116
17,0.0,27.76194637631005
18,0.0,1.3136042115595226e-14
19,0.0,0.0
20,0.22893182710622162,0.0
21,0.0,0.0
22,0.0,0.0
23,0.2301474875478613,0.0
0,0.0,0.0
1,0.0,0.0
2,0.2506008466098633,0.0
3,0.5622644655926365,0.0
4,0.0,0.0
5,0.0,0.0
6,0.0,0.0
7,0.0,27.693595631545342
8,0.0,53.49991848663153
9,0.0,75.66031030964939
10,0.0,92.66457701963924
11,0.0,103.35390594119472
12,0.5468444789040817,48.487566880797324
13,0.0,103.35390594119472
14,0.0,92.66457701963925
15,0.0,75.66031030964939
16,0.26345899379888016,39.404883793821476
17,0.0,27.693595631545374
18,0.5027639019935206,6.515633048205227e-15
19,0.0,0.0
20,0.0,0.0
21,0.0,0.0
22,0.0,0.0
23,0.0,0.0
0,0.0,0.0
1,0.0,0.0
2,0.0,0.0
3,0.0,0.0
4,0.0,0.0
5,0.0,0.0
6,0.0,0.0
7,0.0,27.626817119494927
8,0.0,53.37091230777021
9,0.0,75.47786802187379
10,0.0,92.44113176336114
11,0.0,103.10468514136872
12,0.0,106.74182461554044
13,0.0,103.10468514136872
14,0.45535650082084944,50.34746147167793
15,0.0,75.47786802187379
16,0.0,53.37091230777021
17,0.0,27.626817119494948
18,0.0,1.3072103385056977e-14
19,0.0,0.0
20,0.0,0.0
21,0.0,0.0
22,0.0,0.0
23,0.0,0.0
0,0.0,0.0
1,0.0,0.0
2,0.0,0.0
3,0.31440648852568,0.0
4,0.0,0.0
5,0.0,0.0
6,0.0,0.0
7,0.0,27.561630628073097
8,0.0,53.24498167659119
9,0.0,75.29977521534221
10,0.0,92.22301351192984
11,0.0,102.8614058434153
12,0.0,106.48996335318239
13,0.0,102.8614058434153
14,0.0,92.22301351192985
15,0.36279605473386545,47.98131384486914
16,0.0,53.24498167659119
17,0.0,27.56163062807312
18,0.0,1.3041259276179376e-14
19,0.0,0.0
20,0.5224587058874084,0.0
21,0.0,0.0
22,0.0,0.0
23,0.4646988397910098,0.0
0,0.0,0.0
1,0.0,0.0
2,0.46008010216806794,0.0
3,0.0,0.0
4,0.0,0.0
5,0.0,0.0
6,0.34718337513444,0.0
7,0.0,27.498055473444087
8,0.0,53.12216390905823
9,0.0,75.1260846627967
10,0.0,92.01028689849058
11,0.0,102.62414013624081
12,0.0,106.24432781811647
13,0.245673849505511,77.41207257677752
14,0.0,92.01028689849059
15,0.0,75.1260846627967
16,0.0,53.12216390905823
17,0.0,27.498055473444122
18,0.0,1.3011177599001844e-14
19,0.5454107492854112,0.0
20,0.0,0.0
21,0.0,0.0
22,0.0,0.0
23,0.0,0.0
0,0.0,0.0
1,0.0,0.0
2,0.25313426755463947,0.0
3,0.0,0.0
4,0.0,0.0
5,0.0,0.0
6,0.0,0.0
7,0.5305660754154117,12.879441024674856
8,0.0,53.0024953987265
9,0.0,74.95684783249662
10,0.4261304497959434,52.682954901627866
11,0.24674117825237737,77.12839914449496
12,0.0,106.00499079745303
13,0.4156631784662206,59.831975816120064
14,0.0,91.80301495852997
15,0.5486816807779181,33.82939857794772
16,0.0,53.0024953987265
17,0.0,27.436110494298322
18,0.0,1.298186726737455e-14
19,0.0,0.0
20,0.0,0.0
21,0.4988368397630463,0.0
22,0.0,0.0
23,0.0,0.0
0,0.0,0.0
1,0.0,0.0
2,0.5127542597426433,0.0
3,0.4352672162159492,0.0
4,0.37699825893585237,0.0
5,0.0,0.0
6,0.3755900938939495,0.0
7,0.0,27.375814046269916
8,0.4118907872983983,31.1027506485079
9,0.0,74.79211487296715
10,0.0,91.6012591111971
11,0.0,102.16792891923707
12,0.42456054467159376,60.865395426048835
13,0.5277286148441152,48.25098930919608
14,0.0,91.60125911119711
15,0.0,74.79211487296715
16,0.0,52.8860116059583
17,0.38659421703113284,16.792482649462332
18,0.0,1.2953336966581323e-14
19,0.0,0.0
20,0.0,0.0
21,0.42319330474693273,0.0
22,0.4049328190592062,0.0
23,0.0,0.0
0,0.0,0.0
1,0.5895170984731661,0.0
2,0.0,0.0
3,0.21361757339118417,0.0
4,0.3883135217300151,0.0
5,0.0,0.0
6,0.0,0.0
7,0.253377976300139,20.395611197246655
8,0.0,52.772747047415315
9,0.0,74.63193459813944
10,0.0,91.40507914110378
11,0.0,101.94911859463727
12,0.0,105.54549409483063
13,0.0,101.94911859463727
14,0.538887190857201,42.14805281267422
15,0.0,74.63193459813944
16,0.4417327049083643,29.46129874871564
17,0.0,27.317183996497842
18,0.0,1.292559515076602e-14
19,0.0,0.0
20,0.0,0.0
21,0.0,0.0
22,0.44985975655856664,0.0
23,0.0,0.0
0,0.0,0.0
1,0.0,0.0
2,0.0,0.0
3,0.0,0.0
4,0.0,0.0
5,0.22917641991819995,0.0
6,0.0,0.0
7,0.0,27.26023771833106
8,0.0,52.6627352858307
9,0.0,74.47635447288594
10,0.41190217924481254,53.64306818471794
11,0.0,101.736592191217
12,0.0,105.32547057166141
13,0.0,101.736592191217
14,0.0,91.2145331806091
15,0.0,74.47635447288594
16,0.0,52.6627352858307
17,0.0,27.26023771833109
18,0.0,1.289865004042739e-14
19,0.0,0.0
20,0.0,0.0
21,0.0,0.0
22,0.0,0.0
23,0.0,0.0
0,0.46679681523630706,0.0
1,0.0,0.0
2,0.0,0.0
3,0.0,0.0
4,0.211142178820939,0.0
5,0.0,0.0
6,0.0,0.0
7,0.0,27.204992086180884
8,0.0,52.55600892006367
9,0.0,74.3254205989554
10,0.0,91.0296776925934
11,0.0,101.53041268513628
12,0.0,105.11201784012734
13,0.0,101.53041268513628
14,0.0,91.0296776925934
15,0.0,74.3254205989554
16,0.0,52.55600892006367
17,0.4320792791998713,15.450278714945663
18,0.0,1.2872509619983144e-14
19,0.0,0.0
20,0.0,0.0
21,0.4668708947086971,0.0
22,0.5774479442353999,0.0
23,0.0,0.0
0,0.0,0.0
1,0.0,0.0
2,0.0,0.0
3,0.0,0.0
4,0.0,0.0
5,0.3181009526058681,0.0
6,0.0,0.0
7,0.0,27.151463470520397
8,0.0,52.452599575439734
9,0.0,74.17917770131213
10,0.0,90.85056745372734
11,0.0,101.33064117183254
12,0.5201282239060907,50.3410442380178
13,0.0,101.33064117183254
14,0.0,90.85056745372735
15,0.0,74.17917770131213
16,0.2517738376351035,39.24640728639387
17,0.0,27.151463470520433
18,0.0,1.2847181635404022e-14
19,0.0,0.0
20,0.3014533160862707,0.0
21,0.0,0.0
22,0.0,0.0
23,0.0,0.0
0,0.0,0.0
1,0.0,0.0
2,0.0,0.0
3,0.2616578618015177,0.0
4,0.29421265507270167,0.0
5,0.42736939830466575,0.0
6,0.0,0.0
7,0.25801598610454135,20.107520239789554
8,0.0,52.352537894379466
9,0.0,74.03766911488285
10,0.0,90.67725553824022
11,0.0,101.13733684791652
12,0.0,104.70507578875895
13,0.0,101.13733684791652
14,0.0,90.67725553824022
15,0.0,74.03766911488285
16,0.0,52.352537894379466
17,0.0,27.099667733033687
18,0.3374177015131431,8.49607654128006e-15
19,0.2536532114021143,0.0
20,0.0,0.0
21,0.0,0.0
22,0.0,0.0
23,0.0,0.0
0,0.0,0.0
1,0.0,0.0
2,0.0,0.0
3,0.0,0.0
4,0.0,0.0
5,0.0,0.0
6,0.5542815550905238,0.0
7,0.0,27.049620221915514
8,0.0,52.25585352731847
9,0.0,73.90093677171573
10,0.0,90.50979330219292
11,0.0,100.95055699363125
12,0.0,104.51170705463696
13,0.0,100.95055699363125
14,0.0,90.50979330219293
15,0.0,73.90093677171573
16,0.0,52.25585352731847
17,0.0,27.049620221915553
18,0.0,1.27989927517887e-14
19,0.5534427154556723,0.0
20,0.0,0.0
21,0.0,0.0
22,0.0,0.0
23,0.0,0.0
0,0.0,0.0
1,0.0,0.0
2,0.3942614159620598,0.0
3,0.0,0.0
4,0.0,0.0
5,0.0,0.0
6,0.3904132272319747,0.0
7,0.0,27.00133576732365
8,0.0,52.16257512392133
9,0.5442850965403079,33.61764236925832
10,0.0,90.34823036826018
11,0.0,100.77035695587864
12,0.0,104.32515024784269
13,0.0,100.77035695587864
14,0.49290295665145845,45.81532049151766
15,0.0,73.76902118855499
16,0.0,52.16257512392133
17,0.0,27.001335767323678
18,0.4047276280982292,7.605286811853757e-15
19,0.0,0.0
20,0.0,0.0
21,0.3508135833655172,0.0
22,0.0,0.0
23,0.334547059430277,0.0
0,0.0,0.0
1,0.0,0.0
2,0.0,0.0
3,0.0,0.0
4,0.0,0.0
5,0.0,0.0
6,0.0,0.0
7,0.3340744527574943,17.949909037548558
8,0.0,52.07273032459209
9,0.0,73.64196145483488
10,0.0,90.19261461102609
11,0.23737692783650402,76.71743314011418
12,0.0,104.14546064918417
13,0.0,100.59679013181889
14,0.0,90.1926146110261
15,0.41656759828384915,42.96510643868252
16,0.0,52.07273032459209
17,0.0,26.954828676984032
18,0.344308910632077,8.362776280347229e-15
19,0.0,0.0
20,0.0,0.0
21,0.0,0.0
22,0.0,0.0
23,0.0,0.0
0,0.5604900033523528,0.0
1,0.4359172053480781,0.0
2,0.0,0.0
3,0.39601583859764083,0.0
4,0.0,0.0
5,0.34615682430854344,0.0
6,0.2607650852452447,0.0
7,0.0,26.91011273195115
8,0.0,51.986345752283775
9,0.0,73.51979522109666
10,0.0,90.042992142798
11,0.0,100.42990795304783
12,0.0,103.97269150456756
13,0.0,100.42990795304783
14,0.4652453772433933,48.15090629519804
15,0.0,73.51979522109666
16,0.0,51.986345752283775
17,0.0,26.910112731951177
18,0.0,1.2732982384980386e-14
19,0.0,0.0
20,0.0,0.0
21,0.0,0.0
22,0.33522065050333566,0.0
23,0.0,0.0
0,0.0,0.0
1,0.0,0.0
2,0.0,0.0
3,0.0,0.0
4,0.0,0.0
5,0.4038536243502756,0.0
6,0.0,0.0
7,0.0,26.86720118252466
8,0.0,51.90344700460952
9,0.0,73.40255868783198
10,0.0,89.89940729994234
11,0.0,100.26975987035665
12,0.25711446898634666,77.1166395789167
13,0.0,100.26975987035665
14,0.5370034556329012,41.62311492052364
15,0.0,73.40255868783198
16,0.5520039750312009,23.252537940243784
17,0.0,26.867201182524685
18,0.0,1.2712678047781869e-14
19,0.0,0.0
20,0.0,0.0
21,0.0,0.0
22,0.0,0.0
23,0.0,0.0
0,0.0,0.0
1,0.0,0.0
2,0.5881152037358672,0.0
3,0.0,0.0
4,0.0,0.0
5,0.0,0.0
6,0.0,0.0
7,0.0,26.826106744322725
8,0.0,51.82405864625735
9,0.0,73.29028659475581
10,0.0,89.7619026297469
11,0.0,100.11639333907856
12,0.0,103.64811729251471
13,0.0,100.11639333907856
14,0.0,89.76190262974691
15,0.0,73.29028659475581
16,0.0,51.82405864625735
17,0.4671640824218435,14.293913202160788
18,0.0,1.2693233507992758e-14
19,0.0,0.0
20,0.0,0.0
21,0.0,0.0
22,0.0,0.0
23,0.4612856585779469,0.0
0,0.0,0.0
1,0.0,0.0
2,0.2979289567280838,0.0
3,0.0,0.0
4,0.0,0.0
5,0.3910030160723043,0.0
6,0.0,0.0
7,0.0,26.786841594514293
8,0.0,51.74820420171119
9,0.0,73.18301221051237
10,0.5453200326332159,40.753201398431955
11,0.400467371033947,59.93518926907961
12,0.0,103.49640840342241
13,0.0,99.96985380502664
14,0.5542321283659892,39.95440563361475
15,0.0,73.18301221051237
16,0.0,51.74820420171119
17,0.0,26.78684159451432
18,0.5413676527559935,5.813006556431198e-15
19,0.0,0.0
20,0.0,0.0
21,0.5872753998207276,0.0
22,0.5559014009001266,0.0
23,0.3558670141850784,0.0
0,0.0,0.0
1,0.3209062528316057,0.0
2,0.22342967362666055,0.0
3,0.24316297145864915,0.0
4,0.0,0.0
5,0.44136448851568394,0.0
6,0.4136461723504874,0.0
7,0.0,26.749417368210644
8,0.0,51.675906148280035
9,0.0,73.08076732281684
10,0.0,89.50529497598194
11,0.0,99.8301846910275
12,0.0,103.35181229656008
13,0.0,99.8301846910275
14,0.0,89.50529497598195
15,0.0,73.08076732281684
16,0.0,51.675906148280035
17,0.5609644206670226,11.74394595107198
18,0.4805955597332597,6.574074270235309e-15
19,0.0,0.0
20,0.3440794566220913,0.0
21,0.0,0.0
22,0.0,0.0
23,0.0,0.0
0,0.0,0.0
1,0.0,0.0
2,0.4202932400573599,0.0
3,0.0,0.0
4,0.0,0.0
5,0.0,0.0
6,0.0,0.0
7,0.0,26.71384515501772
8,0.0,51.607185909437426
9,0.5913047681567392,29.828042059847597
10,0.39437927711908394,54.134176260439375
11,0.0,99.69742738405384
12,0.0,103.21437181887487
13,0.0,99.69742738405384
14,0.0,89.38626803079829
15,0.0,72.98358222903609
16,0.0,51.607185909437426
17,0.0,26.71384515501775
18,0.0,1.2640115007398987e-14
19,0.0,0.0
20,0.0,0.0
21,0.4225104251832613,0.0
22,0.0,0.0
23,0.0,0.0
0,0.2423922749064129,0.0
1,0.5705911819428577,0.0
2,0.35971172093534354,0.0
3,0.0,0.0
4,0.0,0.0
5,0.48343469063167216,0.0
6,0.31102559288849896,0.0
7,0.0,26.680135495750008
8,0.0,51.54206384847325
9,0.0,72.89148572721088
10,0.0,89.27347331251471
11,0.5102457491972796,48.76562475326346
12,0.0,103.08412769694651
13,0.0,99.57162122296089
14,0.2857060052608085,63.76750587663875
15,0.0,72.89148572721088
16,0.3158226674261115,35.26391175920147
17,0.383036064414485,16.46068139741274
18,0.0,1.2624164702696256e-14
19,0.0,0.0
20,0.34839836183135875,0.0
21,0.0,0.0
22,0.0,0.0
23,0.0,0.0
0,0.0,0.0
1,0.0,0.0
2,0.0,0.0
3,0.0,0.0
4,0.42355305162191437,0.0
5,0.2534153995937773,0.0
6,0.0,0.0
7,0.0,26.64829837930705
8,0.0,51.4805592624596
9,0.27973972395933266,52.43819294574813
10,0.0,89.1669442446406
11,0.0,99.4528034868293
12,0.0,102.96111852491921
13,0.0,99.4528034868293
14,0.0,89.1669442446406
15,0.0,72.80450510752223
16,0.23004106516202955,39.6379165745864
17,0.0,26.64829837930708
18,0.0,1.2609100423817355e-14
19,0.0,0.0
20,0.0,0.0
21,0.0,0.0
22,0.0,0.0
23,0.5903308545207585,0.0
0,0.28515372690966506,0.0
1,0.0,0.0
2,0.0,0.0
3,0.0,0.0
4,0.0,0.0
5,0.0,0.0
6,0.0,0.0
7,0.0,26.61834323971356
8,0.0,51.42269037653271
9,0.24697003022448102,54.762347088565846
10,0.3756217301824216,55.61131978292919
11,0.0,99.34100938391856
12,0.0,102.84538075306544
13,0.0,99.34100938391856
14,0.0,89.06671239403782
15,0.0,72.722666144205
16,0.0,51.42269037653271
17,0.0,26.61834323971359
18,0.0,1.259492663463324e-14
19,0.48188712231204706,0.0
20,0.0,0.0
21,0.43120763742711143,0.0
22,0.3010223549727905,0.0
23,0.0,0.0
0,0.0,0.0
1,0.0,0.0
2,0.0,0.0
3,0.0,0.0
4,0.0,0.0
5,0.0,0.0
6,0.0,0.0
7,0.0,26.59027895332388
8,0.0,51.36847433849237
9,0.37100949247905834,45.69364006172748
10,0.0,88.97280746156687
11,0.0,99.2362720412341
12,0.0,102.73694867698477
13,0.0,99.2362720412341
14,0.0,88.97280746156687
15,0.0,72.64599308791023
16,0.5501123789404605,23.110040717602338
17,0.5396664791092345,12.240396732051215
18,0.0,1.2581647535143531e-14
19,0.0,0.0
20,0.0,0.0
21,0.0,0.0
22,0.0,0.0
23,0.0,0.0
0,0.0,0.0
1,0.0,0.0
2,0.0,0.0
3,0.0,0.0
4,0.0,0.0
5,0.0,0.0
6,0.0,0.0
7,0.0,26.564113836191748
8,0.0,51.317927213720765
9,0.0,72.57450865851925
10,0.27531406010893034,64.41389620955074
11,0.0,99.138622494711
12,0.0,102.63585442744153
13,0.0,99.138622494711
14,0.0,88.88525727328594
15,0.35897832743485647,46.5218329258775
16,0.0,51.317927213720765
17,0.0,26.564113836191773
18,0.0,1.2569267060231997e-14
19,0.2805965486460603,0.0
20,0.5649336999560537,0.0
21,0.0,0.0
22,0.0,0.0
23,0.0,0.0
0,0.0,0.0
1,0.0,0.0
2,0.5734728259245094,0.0
3,0.0,0.0
4,0.0,0.0
5,0.4776205202793442,0.0
6,0.0,0.0
7,0.0,26.53985564160605
8,0.31948310391859036,34.89082531874803
9,0.0,72.50823403841125
10,0.0,88.8040877722052
11,0.0,99.04808968001728
12,0.31759592938218345,69.97516553029273
13,0.0,99.04808968001728
14,0.387570714345494,54.38622403753168
15,0.0,72.50823403841125
16,0.0,51.271063980421815
17,0.44467478914785374,14.738250930160417
18,0.0,1.255778887850055e-14
19,0.0,0.0
20,0.0,0.0
21,0.5310529732602751,0.0
22,0.0,0.0
23,0.0,0.0
0,0.0,0.0
1,0.0,0.0
2,0.0,0.0
3,0.0,0.0
4,0.0,0.0
5,0.5473151950408737,0.0
6,0.0,0.0
7,0.0,26.517511557793387
8,0.0,51.22789852518299
9,0.0,72.44718886618648
10,0.3866880216037564,54.41875663739024
11,0.0,98.96470042397985
12,0.5602059245700722,45.05945253620202
13,0.0,98.96470042397985
14,0.0,88.7293230105997
15,0.0,72.44718886618648
16,0.0,51.22789852518299
17,0.0,26.51751155779342
18,0.0,1.2547216391182154e-14
19,0.24137960286990334,0.0
20,0.2327141575063771,0.0
21,0.0,0.0
22,0.0,0.0
23,0.0,0.0
0,0.0,0.0
1,0.3181897385633979,0.0
2,0.0,0.0
3,0.0,0.0
4,0.0,0.0
5,0.0,0.0
6,0.4196557454212918,0.0
7,0.4687739674398057,14.075943041958283
8,0.0,51.188443638860214
9,0.4956673699910741,36.50934072945812
10,0.0,88.66098514288181
11,0.0,98.88847943663495
12,0.5795421921673292,43.04516159752279
13,0.0,98.88847943663495
14,0.0,88.66098514288183
15,0.0,72.3913912308469
16,0.0,51.188443638860214
17,0.0,26.49708820578804
18,0.0,1.2537552731132976e-14
19,0.0,0.0
20,0.0,0.0
21,0.0,0.0
22,0.0,0.0
23,0.5379907184295608,0.0
0,0.30720736738794563,0.0
1,0.0,0.0
2,0.0,0.0
3,0.0,0.0
4,0.0,0.0
5,0.0,0.0
6,0.0,0.0
7,0.0,26.4785916374699
8,0.0,51.152711012787854
9,0.0,72.34085766643616
10,0.0,88.5990944190366
11,0.0,98.81944930390608
12,0.0,102.30542202557571
13,0.0,98.81944930390608
14,0.0,88.5990944190366
15,0.5601201604075141,31.821284866294793
16,0.0,51.152711012787854
17,0.0,26.47859163746993
18,0.0,1.2528800761904041e-14
19,0.0,0.0
20,0.0,0.0
21,0.0,0.0
22,0.0,0.0
23,0.0,0.0
0,0.36349610946648603,0.0
1,0.39363292024387464,0.0
2,0.0,0.0
3,0.5765543152739792,0.0
4,0.0,0.0
5,0.41071350647393945,0.0
6,0.5993551908670145,0.0
7,0.0,26.462027333771424
8,0.0,51.120711235314154
9,0.0,72.29560314713994
10,0.0,88.54366917862126
11,0.0,98.75763048091136
12,0.0,102.24142247062832
13,0.5457931872995921,44.856388570579405
14,0.0,88.54366917862126
15,0.0,72.29560314713994
16,0.0,51.120711235314154
17,0.0,26.46202733377146
18,0.30134409713968063,8.747844763167209e-15
19,0.0,0.0
20,0.0,0.0
21,0.0,0.0
22,0.0,0.0
23,0.3487686994943352,0.0
0,0.0,0.0
1,0.0,0.0
2,0.0,0.0
3,0.0,0.0
4,0.0,0.0
5,0.0,0.0
6,0.0,0.0
7,0.0,26.44740020305327
8,0.0,51.0924537886638
9,0.347192007708524,47.16905998702815
10,0.0,88.49472584533069
11,0.0,98.70304128590227
12,0.45767177763150324,55.41775927930122
13,0.22916742274195842,76.08351969761891
14,0.0,88.4947258453307
15,0.0,72.25564108284898
16,0.4371901588186526,28.755335802363202
17,0.0,26.447400203053302
18,0.23701392632078214,9.548039770348993e-15
19,0.0,0.0
20,0.0,0.0
21,0.4676091634825711,0.0
22,0.24567049008740358,0.0
23,0.22350905331677692,0.0
0,0.5950240049424502,0.0
1,0.0,0.0
2,0.0,0.0
3,0.0,0.0
4,0.0,0.0
5,0.22960056937233003,0.0
6,0.35217039273465733,0.0
7,0.24316061142609247,20.00683321958802
8,0.4696842783204147,27.082135192462268
9,0.5009424570413287,36.04242648333562
10,0.5226176495854321,42.22555681137176
11,0.0,98.65569789483534
12,0.0,102.13589409225621
13,0.0,98.65569789483534
14,0.0,88.45227892213086
15,0.0,72.22098331518539
16,0.5413867146397098,23.420438971430134
17,0.0,26.434714579649974
18,0.0,1.2508039577813465e-14
19,0.0,0.0
20,0.0,0.0
21,0.0,0.0
22,0.0,0.0
23,0.48214232761285697,0.0
0,0.2177746018504302,0.0
1,0.0,0.0
2,0.33596630316128534,0.0
3,0.0,0.0
4,0.0,0.0
5,0.0,0.0
6,0.0,0.0
7,0.0,26.423974222585432
8,0.0,51.04719826958374
9,0.0,72.19164011399373
10,0.0,88.41634098696112
11,0.0,98.61561433657918
12,0.0,102.09439653916749
13,0.0,98.61561433657918
14,0.0,88.41634098696113
15,0.0,72.19164011399373
16,0.0,51.04719826958374
17,0.0,26.423974222585464
18,0.0,1.250295759325721e-14
19,0.3309914730934461,0.0
20,0.5554574015011756,0.0
21,0.0,0.0
22,0.0,0.0
23,0.2360030035191163,0.0
0,0.0,0.0
1,0.0,0.0
2,0.26255935921995965,0.0
3,0.0,0.0
4,0.3792958915961302,0.0
5,0.0,0.0
6,0.0,0.0
7,0.0,26.41518231445933
8,0.0,51.030213607341025
9,0.0,72.16762017429775
10,0.0,88.38692268900733
11,0.0,98.58280248875708
12,0.0,102.06042721468205
13,0.0,98.58280248875708
14,0.0,88.38692268900735
15,0.0,72.16762017429775
16,0.0,51.030213607341025
17,0.0,26.41518231445936
18,0.0,1.249879755080718e-14
19,0.4146211986466114,0.0
20,0.0,0.0
21,0.0,0.0
22,0.0,0.0
23,0.0,0.0
0,0.5592290698775741,0.0
1,0.0,0.0
2,0.0,0.0
3,0.0,0.0
4,0.5197699140409608,0.0
5,0.0,0.0
6,0.0,0.0
7,0.0,26.408341460503767
8,0.0,51.01699809232193
9,0.0,72.148930613724
10,0.0,88.36403274554607
11,0.0,98.55727207422778
12,0.0,102.03399618464387
13,0.0,98.55727207422778
14,0.0,88.36403274554608
15,0.0,72.148930613724
16,0.46017013041008803,27.540499427046928
17,0.0,26.408341460503802
18,0.0,1.2495560683173734e-14
19,0.0,0.0
20,0.0,0.0
21,0.0,0.0
22,0.0,0.0
23,0.0,0.0
0,0.39022484758765286,0.0
1,0.0,0.0
2,0.0,0.0
3,0.5594147139725514,0.0
4,0.0,0.0
5,0.0,0.0
6,0.0,0.0
7,0.0,26.403453687811407
8,0.0,51.00755564056876
9,0.0,72.1355769703926
10,0.5500462390085521,39.75236996367691
11,0.3899721852526177,60.11154953974951
12,0.0,102.01511128113754
13,0.0,98.53903065820401
14,0.0,88.34767793936157
15,0.0,72.1355769703926
16,0.0,51.00755564056876
17,0.5264688275478988,12.502858381574105
18,0.0,1.2493247949510611e-14
19,0.47775524850072093,0.0
20,0.0,0.0
21,0.0,0.0
22,0.0,0.0
23,0.48365039516946423,0.0
0,0.0,0.0
1,0.0,0.0
2,0.0,0.0
3,0.316945842705107,0.0
4,0.0,0.0
5,0.0,0.0
6,0.0,0.0
7,0.0,26.400520444734784
8,0.0,51.00188905008376
9,0.0,72.12756320127632
10,0.0,88.33786311673587
11,0.0,98.52808364601111
12,0.0,102.00377810016754
13,0.0,98.52808364601111
14,0.0,88.33786311673589
15,0.0,72.12756320127632
16,0.0,51.00188905008376
17,0.0,26.400520444734813
18,0.0,1.2491860035130706e-14
19,0.0,0.0
20,0.5621090812791393,0.0
21,0.0,0.0
22,0.0,0.0
23,0.0,0.0
